Card,Set ID,Set Name,Quantity,Foil
"Deathbloom Thallid",DOM,"",1,""
"Fanatical Firebrand",RIX,"",1,""
"Opt",XLN,"",1,""
"Revitalize",M19,"",1,""
"Druid of the Cowl",M19,"",1,""
"Evolving Wilds",M20,"",4,""
"Dawn Evangel",THB,"",1,""
"Pious Wayfarer",THB,"",1,""
"Deny the Divine",THB,"",1,""
"Riptide Turtle",THB,"",1,""
"Towering-Wave Mystic",THB,"",1,""
"Aphemia, the Cacophony",THB,"",1,""
"Aspect of Lamprey",THB,"",1,""
"Discordant Piper",THB,"",1,""
"Minion's Return",THB,"",1,""
"Temple Thief",THB,"",1,""
"Venomous Hierophant",THB,"",1,""
"Woe Strider",THB,"",1,""
"Dreamstalker Manticore",THB,"",1,""
"Final Flare",THB,"",1,""
"Iroas's Blessing",THB,"",1,""
"Ilysian Caryatid",THB,"",1,""
"Loathsome Chimera",THB,"",1,""
"Nessian Wanderer",THB,"",1,""
"Nyx Herald",THB,"",1,""
"Setessan Training",THB,"",1,""
"Bronzehide Lion",THB,"",1,""
"Warden of the Chained",THB,"",1,""
"Thalia, Guardian of Thraben",AHA2,"",2,""
"Huntmaster Liger",IKO,"",1,""
"Solid Footing",IKO,"",1,""
"Anticipate",IKO,"",2,""
"Frostveil Ambush",IKO,"",1,""
"Glimmerbell",IKO,"",1,""
"Voracious Greatshark",IKO,"",1,""
"Boot Nipper",IKO,"",1,""
"Nightsquad Commando",IKO,"",3,""
"Unlikely Aid",IKO,"",1,""
"Blazing Volley",IKO,"",1,""
"Flame Spill",IKO,"",1,""
"Forbidden Friendship",IKO,"",1,""
"Adventurous Impulse",IKO,"",1,""
"Barrier Breach",IKO,"",1,""
"Fully Grown",IKO,"",1,""
"Plummet",IKO,"",1,""
"Boneyard Lurker",IKO,"",1,""
"Inspired Ultimatum",IKO,"",1,""
"Quartzwood Crasher",IKO,"",1,""
"Alpine Watchdog",M21,"",1,""
"Basri Ket",M21,"",1,""
"Frost Breath",M21,"",1,""
"Jeskai Elder",M21,"",1,""
"Library Larcenist",M21,"",1,""
"Rousing Read",M21,"",1,""
"Teferi's Protege",M21,"",1,""
"Infernal Scarring",M21,"",1,""
"Sanctum of Stone Fangs",M21,"",1,""
"Tavern Swindler",M21,"",1,""
"Village Rites",M21,"",1,""
"Battle-Rattle Shaman",M21,"",1,""
"Gadrak, the Crown-Scourge",M21,"",1,""
"Hellkite Punisher",M21,"",1,""
"Hobblefiend",M21,"",1,""
"Onakke Ogre",M21,"",1,""
"Spellgorger Weird",M21,"",1,""
"Sure Strike",M21,"",1,""
"Thrill of Possibility",M21,"",1,""
"Life Goes On",M21,"",1,""
"Niambi, Esteemed Speaker",M21,"",1,""
"Forgotten Sentinel",M21,"",1,""
"Bloodfell Caves",M21,"",4,""
"Blossoming Sands",M21,"",4,""
"Dismal Backwater",M21,"",4,""
"Jungle Hollow",M21,"",4,""
"Rugged Highlands",M21,"",4,""
"Scoured Barrens",M21,"",4,""
"Swiftwater Cliffs",M21,"",4,""
"Thornwood Falls",M21,"",4,""
"Tranquil Cove",M21,"",4,""
"Wind-Scarred Crag",M21,"",4,""
"Angel of Vitality",ANB,"",2,""
"Angelic Guardian",ANB,"",1,""
"Angelic Reward",ANB,"",1,""
"Bond of Discipline",ANB,"",1,""
"Charmed Stray",ANB,"",4,""
"Confront the Assault",ANB,"",1,""
"Fencing Ace",ANB,"",3,""
"Goring Ceratops",ANB,"",1,""
"Hallowed Priest",ANB,"",4,""
"Impassioned Orator",ANB,"",3,""
"Inspiring Commander",ANB,"",2,""
"Knight's Pledge",ANB,"",3,""
"Leonin Warleader",ANB,"",2,""
"Moorland Inquisitor",ANB,"",3,""
"Pacifism",ANB,"",4,""
"Sanctuary Cat",ANB,"",2,""
"Serra Angel",ANB,"",2,""
"Shrine Keeper",ANB,"",4,""
"Spiritual Guardian",ANB,"",1,""
"Tactical Advantage",ANB,"",4,""
"Armored Whirl Turtle",ANB,"",3,""
"Cloudkin Seer",ANB,"",4,""
"Frilled Sea Serpent",ANB,"",1,""
"Glint",ANB,"",2,""
"Octoprophet",ANB,"",2,""
"Overflowing Insight",ANB,"",1,""
"Riddlemaster Sphinx",ANB,"",2,""
"River's Favor",ANB,"",2,""
"Sleep",ANB,"",1,""
"Soulblade Djinn",ANB,"",2,""
"Sworn Guardian",ANB,"",2,""
"Unsummon",ANB,"",3,""
"Wall of Runes",ANB,"",2,""
"Warden of Evos Isle",ANB,"",3,""
"Waterkin Shaman",ANB,"",3,""
"Waterknot",ANB,"",3,""
"Windreader Sphinx",ANB,"",1,""
"Windstorm Drake",ANB,"",2,""
"Winged Words",ANB,"",2,""
"Zephyr Gull",ANB,"",4,""
"Bad Deal",ANB,"",1,""
"Compound Fracture",ANB,"",4,""
"Cruel Cut",ANB,"",1,""
"Demon of Loathing",ANB,"",2,""
"Eternal Thirst",ANB,"",1,""
"Krovikan Scoundrel",ANB,"",2,""
"Malakir Cullblade",ANB,"",3,""
"Mardu Outrider",ANB,"",2,""
"Murder",ANB,"",3,""
"Nightmare",ANB,"",1,""
"Raise Dead",ANB,"",3,""
"Sanitarium Skeleton",ANB,"",2,""
"Savage Gorger",ANB,"",3,""
"Scathe Zombies",ANB,"",4,""
"Sengir Vampire",ANB,"",2,""
"Skeleton Archer",ANB,"",2,""
"Soulhunter Rakshasa",ANB,"",1,""
"Typhoid Rats",ANB,"",2,""
"Unlikely Aid",ANB,"",3,""
"Vampire Opportunist",ANB,"",2,""
"Burn Bright",ANB,"",2,""
"Goblin Gang Leader",ANB,"",2,""
"Goblin Gathering",ANB,"",4,""
"Goblin Trashmaster",ANB,"",1,""
"Goblin Tunneler",ANB,"",2,""
"Hurloon Minotaur",ANB,"",4,""
"Immortal Phoenix",ANB,"",1,""
"Inescapable Blaze",ANB,"",2,""
"Molten Ravager",ANB,"",2,""
"Nest Robber",ANB,"",4,""
"Ogre Battledriver",ANB,"",2,""
"Raging Goblin",ANB,"",2,""
"Raid Bombardment",ANB,"",2,""
"Reduce to Ashes",ANB,"",3,""
"Shock",ANB,"",3,""
"Siege Dragon",ANB,"",2,""
"Storm Strike",ANB,"",2,""
"Tin Street Cadet",ANB,"",3,""
"Volcanic Dragon",ANB,"",1,""
"Affectionate Indrik",ANB,"",2,""
"Baloth Packhunter",ANB,"",4,""
"Colossal Majesty",ANB,"",2,""
"Epic Proportions",ANB,"",1,""
"Feral Roar",ANB,"",2,""
"Generous Stray",ANB,"",3,""
"Gigantosaurus",ANB,"",2,""
"Ilysian Caryatid",ANB,"",4,""
"Jungle Delver",ANB,"",3,""
"Prized Unicorn",ANB,"",1,""
"Rabid Bite",ANB,"",3,""
"Rampaging Brontodon",ANB,"",2,""
"Rumbling Baloth",ANB,"",2,""
"Sentinel Spider",ANB,"",2,""
"Stony Strength",ANB,"",2,""
"Treetop Warden",ANB,"",4,""
"Wildwood Patrol",ANB,"",2,""
"Woodland Mystic",ANB,"",2,""
"World Shaper",ANB,"",1,""
"Forest",ANB,"",1,""
"Island",ANB,"",1,""
"Mountain",ANB,"",1,""
"Plains",ANB,"",1,""
"Swamp",ANB,"",1,""
"Angel of Destiny",ZNR,"",1,""
"Angelheart Protector",ZNR,"",2,""
"Archon of Emeria",ZNR,"",1,""
"Attended Healer",ZNR,"",1,""
"Canyon Jerboa",ZNR,"",2,""
"Cliffhaven Sell-Sword",ZNR,"",2,""
"Disenchant",ZNR,"",2,""
"Emeria Captain",ZNR,"",1,""
"Expedition Healer",ZNR,"",3,""
"Farsight Adept",ZNR,"",4,""
"Fearless Fledgling",ZNR,"",4,""
"Journey to Oblivion",ZNR,"",2,""
"Kabira Outrider",ZNR,"",3,""
"Kitesail Cleric",ZNR,"",4,""
"Kor Blademaster",ZNR,"",4,""
"Kor Celebrant",ZNR,"",4,""
"Legion Angel",ZNR,"",2,""
"Luminarch Aspirant",ZNR,"",4,""
"Maul of the Skyclaves",ZNR,"",3,""
"Mesa Lynx",ZNR,"",1,""
"Nahiri's Binding",ZNR,"",2,""
"Paired Tactician",ZNR,"",2,""
"Practiced Tactics",ZNR,"",4,""
"Pressure Point",ZNR,"",4,""
"Prowling Felidar",ZNR,"",1,""
"Resolute Strike",ZNR,"",2,""
"Shepherd of Heroes",ZNR,"",1,""
"Skyclave Apparition",ZNR,"",4,""
"Tazeem Raptor",ZNR,"",3,""
"Anticognition",ZNR,"",1,""
"Bubble Snare",ZNR,"",4,""
"Cascade Seer",ZNR,"",3,""
"Chilling Trap",ZNR,"",4,""
"Cleric of Chill Depths",ZNR,"",4,""
"Concerted Defense",ZNR,"",2,""
"Confounding Conundrum",ZNR,"",1,""
"Coralhelm Chronicler",ZNR,"",1,""
"Cunning Geysermage",ZNR,"",4,""
"Deliberate",ZNR,"",1,""
"Expedition Diviner",ZNR,"",2,""
"Field Research",ZNR,"",2,""
"Glacial Grasp",ZNR,"",4,""
"Into the Roil",ZNR,"",4,""
"Living Tempest",ZNR,"",3,""
"Merfolk Falconer",ZNR,"",4,""
"Merfolk Windrobber",ZNR,"",1,""
"Negate",ZNR,"",2,""
"Risen Riptide",ZNR,"",4,""
"Roost of Drakes",ZNR,"",4,""
"Ruin Crab",ZNR,"",1,""
"Seafloor Stalker",ZNR,"",2,""
"Shell Shield",ZNR,"",1,""
"Skyclave Plunder",ZNR,"",1,""
"Skyclave Squid",ZNR,"",3,""
"Tazeem Roilmage",ZNR,"",4,""
"Windrider Wizard",ZNR,"",2,""
"Zulaport Duelist",ZNR,"",3,""
"Blood Beckoning",ZNR,"",1,""
"Blood Price",ZNR,"",3,""
"Bloodchief's Thirst",ZNR,"",4,""
"Drana's Silencer",ZNR,"",1,""
"Dreadwurm",ZNR,"",1,""
"Expedition Skulker",ZNR,"",2,""
"Feed the Swarm",ZNR,"",4,""
"Ghastly Gloomhunter",ZNR,"",1,""
"Guul Draz Mucklord",ZNR,"",3,""
"Hagra Constrictor",ZNR,"",1,""
"Inscription of Ruin",ZNR,"",1,""
"Malakir Blood-Priest",ZNR,"",4,""
"Marauding Blight-Priest",ZNR,"",4,""
"Mind Carver",ZNR,"",1,""
"Mind Drain",ZNR,"",2,""
"Nimana Skitter-Sneak",ZNR,"",1,""
"Nimana Skydancer",ZNR,"",1,""
"Nullpriest of Oblivion",ZNR,"",3,""
"Scion of the Swarm",ZNR,"",2,""
"Shadow Stinger",ZNR,"",1,""
"Shadows' Verdict",ZNR,"",1,""
"Skyclave Shade",ZNR,"",2,""
"Skyclave Shadowcat",ZNR,"",4,""
"Soul Shatter",ZNR,"",2,""
"Subtle Strike",ZNR,"",3,""
"Taborax, Hope's Demise",ZNR,"",1,""
"Thwart the Grave",ZNR,"",3,""
"Vanquish the Weak",ZNR,"",1,""
"Akoum Hellhound",ZNR,"",4,""
"Ardent Electromancer",ZNR,"",3,""
"Cinderclasm",ZNR,"",1,""
"Expedition Champion",ZNR,"",3,""
"Fireblade Charger",ZNR,"",4,""
"Grotag Bug-Catcher",ZNR,"",2,""
"Inordinate Rage",ZNR,"",1,""
"Magmatic Channeler",ZNR,"",4,""
"Pyroclastic Hellion",ZNR,"",2,""
"Rockslide Sorcerer",ZNR,"",2,""
"Roil Eruption",ZNR,"",4,""
"Scavenged Blade",ZNR,"",4,""
"Scorch Rider",ZNR,"",1,""
"Sneaking Guide",ZNR,"",1,""
"Synchronized Spellcraft",ZNR,"",1,""
"Teeterpeak Ambusher",ZNR,"",1,""
"Thundering Rebuke",ZNR,"",4,""
"Thundering Sparkmage",ZNR,"",2,""
"Tormenting Voice",ZNR,"",1,""
"Tuktuk Rubblefort",ZNR,"",3,""
"Valakut Exploration",ZNR,"",1,""
"Wayward Guide-Beast",ZNR,"",1,""
"Adventure Awaits",ZNR,"",1,""
"Ashaya, Soul of the Wild",ZNR,"",2,""
"Broken Wings",ZNR,"",1,""
"Canopy Baloth",ZNR,"",1,""
"Cragplate Baloth",ZNR,"",1,""
"Dauntless Survivor",ZNR,"",2,""
"Gnarlid Colony",ZNR,"",4,""
"Inscription of Abundance",ZNR,"",1,""
"Joraga Visionary",ZNR,"",2,""
"Kazandu Nectarpot",ZNR,"",1,""
"Kazandu Stomper",ZNR,"",1,""
"Lotus Cobra",ZNR,"",2,""
"Might of Murasa",ZNR,"",2,""
"Murasa Sproutling",ZNR,"",3,""
"Nissa's Zendikon",ZNR,"",1,""
"Oran-Rief Ooze",ZNR,"",2,""
"Rabid Bite",ZNR,"",3,""
"Reclaim the Wastes",ZNR,"",1,""
"Scale the Heights",ZNR,"",4,""
"Scute Swarm",ZNR,"",1,""
"Springmantle Cleric",ZNR,"",1,""
"Strength of Solidarity",ZNR,"",3,""
"Tajuru Paragon",ZNR,"",1,""
"Taunting Arbormage",ZNR,"",1,""
"Territorial Scythecat",ZNR,"",1,""
"Vastwood Surge",ZNR,"",4,""
"Veteran Adventurer",ZNR,"",2,""
"Vine Gecko",ZNR,"",1,""
"Brushfire Elemental",ZNR,"",4,""
"Cleric of Life's Bond",ZNR,"",4,""
"Grakmaw, Skyclave Ravager",ZNR,"",2,""
"Kargan Warleader",ZNR,"",4,""
"Kaza, Roil Chaser",ZNR,"",2,""
"Linvala, Shield of Sea Gate",ZNR,"",1,""
"Moss-Pit Skeleton",ZNR,"",4,""
"Murasa Rootgrazer",ZNR,"",1,""
"Phylath, World Sculptor",ZNR,"",2,""
"Ravager's Mace",ZNR,"",2,""
"Spoils of Adventure",ZNR,"",1,""
"Umara Mystic",ZNR,"",4,""
"Verazol, the Split Current",ZNR,"",1,""
"Relic Amulet",ZNR,"",1,""
"Relic Axe",ZNR,"",1,""
"Relic Golem",ZNR,"",1,""
"Relic Vial",ZNR,"",2,""
"Sea Gate Colossus",ZNR,"",2,""
"Skyclave Sentinel",ZNR,"",4,""
"Stonework Packbeast",ZNR,"",1,""
"Utility Knife",ZNR,"",2,""
"Base Camp",ZNR,"",1,""
"Plains",ZNR,"",1,""
"Island",ZNR,"",1,""
"Swamp",ZNR,"",1,""
"Mountain",ZNR,"",1,""
"Forest",ZNR,"",1,""
"Kabira Takedown",ZNR,"",3,""
"Makindi Stampede",ZNR,"",4,""
"Sejiri Shelter",ZNR,"",4,""
"Skyclave Cleric",ZNR,"",4,""
"Beyeen Veil",ZNR,"",4,""
"Glasspool Mimic",ZNR,"",1,""
"Jwari Disruption",ZNR,"",4,""
"Umara Wizard",ZNR,"",4,""
"Blackbloom Rogue",ZNR,"",1,""
"Malakir Rebirth",ZNR,"",1,""
"Zof Consumption",ZNR,"",3,""
"Akoum Warrior",ZNR,"",4,""
"Kazuul's Fury",ZNR,"",3,""
"Song-Mad Treachery",ZNR,"",2,""
"Spikefield Hazard",ZNR,"",4,""
"Valakut Awakening",ZNR,"",1,""
"Bala Ged Recovery",ZNR,"",4,""
"Kazandu Mammoth",ZNR,"",1,""
"Khalni Ambush",ZNR,"",2,""
"Tangled Florahedron",ZNR,"",1,""
"Vastwood Fortification",ZNR,"",3,""
"Branchloft Pathway",ZNR,"",1,""
"Brightclimb Pathway",ZNR,"",2,""
"Clearwater Pathway",ZNR,"",1,""
"Cragcrown Pathway",ZNR,"",2,""
"Needleverge Pathway",ZNR,"",2,""
"Riverglide Pathway",ZNR,"",4,""
"Aviary Mechanic",KLR,"",1,""
"Restoration Specialist",KLR,"",1,""
"Weldfast Wingsmith",KLR,"",1,""
"Fortuitous Find",KLR,"",1,""
"Hijack",KLR,"",1,""
"Renegade Map",KLR,"",1,""
"Axgard Braggart",KHM,"",3,""
"Battershield Warrior",KHM,"",1,""
"Battlefield Raptor",KHM,"",4,""
"Beskir Shieldmate",KHM,"",4,""
"Bound in Gold",KHM,"",1,""
"Clarion Spirit",KHM,"",4,""
"Codespell Cleric",KHM,"",4,""
"Doomskar",KHM,"",1,""
"Giant Ox",KHM,"",1,""
"Gods' Hall Guardian",KHM,"",4,""
"Goldmaw Champion",KHM,"",4,""
"Halvar, God of Battle",KHM,"",2,""
"Invoke the Divine",KHM,"",1,""
"Iron Verdict",KHM,"",1,""
"Kaya's Onslaught",KHM,"",2,""
"Master Skald",KHM,"",2,""
"Reidane, God of the Worthy",KHM,"",1,""
"Revitalize",KHM,"",3,""
"Righteous Valkyrie",KHM,"",4,""
"Rune of Sustenance",KHM,"",3,""
"Search for Glory",KHM,"",1,""
"Shepherd of the Cosmos",KHM,"",2,""
"Stalwart Valkyrie",KHM,"",4,""
"Starnheim Courser",KHM,"",4,""
"Starnheim Unleashed",KHM,"",1,""
"Story Seeker",KHM,"",4,""
"Usher of the Fallen",KHM,"",4,""
"Valor of the Worthy",KHM,"",4,""
"Warhorn Blast",KHM,"",3,""
"Annul",KHM,"",1,""
"Ascendant Spirit",KHM,"",4,""
"Augury Raven",KHM,"",2,""
"Avalanche Caller",KHM,"",2,""
"Behold the Multiverse",KHM,"",3,""
"Berg Strider",KHM,"",4,""
"Bind the Monster",KHM,"",1,""
"Brinebarrow Intruder",KHM,"",2,""
"Cosima, God of the Voyage",KHM,"",1,""
"Cosmos Charger",KHM,"",3,""
"Depart the Realm",KHM,"",1,""
"Disdainful Stroke",KHM,"",1,""
"Draugr Thought-Thief",KHM,"",1,""
"Glimpse the Cosmos",KHM,"",1,""
"Graven Lore",KHM,"",2,""
"Icebind Pillar",KHM,"",1,""
"Icebreaker Kraken",KHM,"",3,""
"Inga Rune-Eyes",KHM,"",2,""
"Mists of Littjara",KHM,"",1,""
"Mistwalker",KHM,"",1,""
"Saw It Coming",KHM,"",4,""
"Strategic Planning",KHM,"",2,""
"Undersea Invader",KHM,"",2,""
"Deathknell Berserker",KHM,"",1,""
"Demonic Gifts",KHM,"",4,""
"Dogged Pursuit",KHM,"",2,""
"Draugr Recruiter",KHM,"",2,""
"Draugr's Helm",KHM,"",1,""
"Dread Rider",KHM,"",1,""
"Duskwielder",KHM,"",2,""
"Elderfang Disciple",KHM,"",4,""
"Feed the Serpent",KHM,"",1,""
"Hailstorm Valkyrie",KHM,"",1,""
"Infernal Pet",KHM,"",1,""
"Jarl of the Forsaken",KHM,"",1,""
"Karfell Kennel-Master",KHM,"",1,""
"Koma's Faithful",KHM,"",4,""
"Poison the Cup",KHM,"",4,""
"Priest of the Haunted Edge",KHM,"",4,""
"Raise the Draugr",KHM,"",2,""
"Return Upon the Tide",KHM,"",4,""
"Skemfar Shadowsage",KHM,"",3,""
"Skull Raid",KHM,"",4,""
"Tergrid, God of Fright",KHM,"",2,""
"Varragoth, Bloodsky Sire",KHM,"",1,""
"Village Rites",KHM,"",3,""
"Arni Brokenbrow",KHM,"",4,""
"Axgard Cavalry",KHM,"",2,""
"Basalt Ravager",KHM,"",4,""
"Birgi, God of Storytelling",KHM,"",1,""
"Breakneck Berserker",KHM,"",1,""
"Cinderheart Giant",KHM,"",1,""
"Craven Hulk",KHM,"",1,""
"Crush the Weak",KHM,"",2,""
"Demon Bolt",KHM,"",4,""
"Dragonkin Berserker",KHM,"",1,""
"Dual Strike",KHM,"",2,""
"Dwarven Hammer",KHM,"",4,""
"Dwarven Reinforcements",KHM,"",1,""
"Fearless Pup",KHM,"",1,""
"Frost Bite",KHM,"",4,""
"Goldspan Dragon",KHM,"",4,""
"Immersturm Raider",KHM,"",1,""
"Open the Omenpaths",KHM,"",3,""
"Provoke the Trolls",KHM,"",1,""
"Quakebringer",KHM,"",1,""
"Rune of Speed",KHM,"",2,""
"Seize the Spoils",KHM,"",1,""
"Smashing Success",KHM,"",2,""
"Squash",KHM,"",1,""
"Tormentor's Helm",KHM,"",1,""
"Tundra Fumarole",KHM,"",3,""
"Vault Robber",KHM,"",1,""
"Arachnoform",KHM,"",1,""
"Blizzard Brawl",KHM,"",4,""
"Boreal Outrider",KHM,"",1,""
"Elderleaf Mentor",KHM,"",1,""
"Elven Bow",KHM,"",3,""
"Esika's Chariot",KHM,"",1,""
"Fynn, the Fangbearer",KHM,"",1,""
"Gnottvold Recluse",KHM,"",2,""
"Grizzled Outrider",KHM,"",1,""
"Guardian Gladewalker",KHM,"",1,""
"Horizon Seeker",KHM,"",4,""
"Icehide Troll",KHM,"",1,""
"King Harald's Revenge",KHM,"",1,""
"Littjara Glade-Warden",KHM,"",3,""
"Mammoth Growth",KHM,"",2,""
"Ravenous Lindwurm",KHM,"",1,""
"Rootless Yew",KHM,"",4,""
"Roots of Wisdom",KHM,"",1,""
"Rune of Might",KHM,"",3,""
"Sarulf's Packmate",KHM,"",1,""
"Sculptor of Winter",KHM,"",4,""
"Snakeskin Veil",KHM,"",2,""
"Spirit of the Aldergard",KHM,"",4,""
"Struggle for Skemfar",KHM,"",4,""
"Toski, Bearer of Secrets",KHM,"",1,""
"Vorinclex, Monstrous Raider",KHM,"",2,""
"Aegar, the Freezing Flame",KHM,"",4,""
"Ascent of the Worthy",KHM,"",2,""
"The Bears of Littjara",KHM,"",1,""
"Binding the Old Gods",KHM,"",4,""
"Fall of the Impostor",KHM,"",2,""
"Forging the Tyrite Sword",KHM,"",2,""
"Immersturm Predator",KHM,"",1,""
"Kardur, Doomscourge",KHM,"",1,""
"Koma, Cosmos Serpent",KHM,"",1,""
"Moritte of the Frost",KHM,"",1,""
"Narfi, Betrayer King",KHM,"",3,""
"Niko Aris",KHM,"",1,""
"Showdown of the Skalds",KHM,"",3,""
"The Three Seasons",KHM,"",1,""
"Vega, the Watcher",KHM,"",4,""
"Bloodline Pretender",KHM,"",1,""
"Cosmos Elixir",KHM,"",2,""
"Funeral Longboat",KHM,"",1,""
"Goldvein Pick",KHM,"",1,""
"Raiders' Karve",KHM,"",1,""
"Raven Wings",KHM,"",2,""
"Replicating Ring",KHM,"",2,""
"Runed Crown",KHM,"",2,""
"Weathered Runestone",KHM,"",1,""
"Alpine Meadow",KHM,"",4,""
"Arctic Treeline",KHM,"",4,""
"Axgard Armory",KHM,"",2,""
"Barkchannel Pathway",KHM,"",2,""
"Blightstep Pathway",KHM,"",1,""
"Darkbore Pathway",KHM,"",2,""
"Gates of Istfell",KHM,"",1,""
"Glacial Floodplain",KHM,"",4,""
"Hengegate Pathway",KHM,"",4,""
"Highland Forest",KHM,"",4,""
"Ice Tunnel",KHM,"",4,""
"Littjara Mirrorlake",KHM,"",1,""
"Port of Karfell",KHM,"",2,""
"Rimewood Falls",KHM,"",4,""
"Skemfar Elderhall",KHM,"",1,""
"Snowfield Sinkhole",KHM,"",4,""
"Sulfurous Mire",KHM,"",4,""
"Volatile Fjord",KHM,"",4,""
"Woodland Chasm",KHM,"",4,""
"Snow-Covered Plains",KHM,"",1,""
"Snow-Covered Plains",KHM,"",1,""
"Snow-Covered Island",KHM,"",1,""
"Snow-Covered Island",KHM,"",1,""
"Snow-Covered Swamp",KHM,"",1,""
"Snow-Covered Swamp",KHM,"",1,""
"Snow-Covered Mountain",KHM,"",1,""
"Snow-Covered Mountain",KHM,"",1,""
"Snow-Covered Forest",KHM,"",1,""
"Snow-Covered Forest",KHM,"",1,""
"Plains",KHM,"",1,""
"Island",KHM,"",1,""
"Swamp",KHM,"",1,""
"Mountain",KHM,"",1,""
"Forest",KHM,"",1,""
"Valkyrie Harbinger",KHM,"",1,""
"Starnheim Aspirant",KHM,"",2,""
"Youthful Valkyrie",KHM,"",4,""
"Environmental Sciences",STX,"",3,""
"Expanded Anatomy",STX,"",2,""
"Introduction to Annihilation",STX,"",1,""
"Wandering Archaic",STX,"",1,""
"Beaming Defiance",STX,"",2,""
"Combat Professor",STX,"",4,""
"Dueling Coach",STX,"",1,""
"Elite Spellbinder",STX,"",1,""
"Expel",STX,"",3,""
"Guiding Voice",STX,"",4,""
"Pillardrop Rescuer",STX,"",4,""
"Show of Confidence",STX,"",2,""
"Star Pupil",STX,"",1,""
"Stonebinder's Familiar",STX,"",3,""
"Stonerise Spirit",STX,"",4,""
"Thunderous Orator",STX,"",4,""
"Archmage Emeritus",STX,"",2,""
"Bury in Books",STX,"",1,""
"Curate",STX,"",2,""
"Ingenious Mastery",STX,"",1,""
"Mentor's Guidance",STX,"",2,""
"Multiple Choice",STX,"",3,""
"Reject",STX,"",2,""
"Snow Day",STX,"",4,""
"Soothsayer Adept",STX,"",2,""
"Test of Talents",STX,"",2,""
"Vortex Runner",STX,"",4,""
"Arrogant Poet",STX,"",1,""
"Baleful Mastery",STX,"",1,""
"Brackish Trudge",STX,"",1,""
"Callous Bloodmage",STX,"",1,""
"Crushing Disappointment",STX,"",1,""
"Essence Infusion",STX,"",2,""
"Eyetwitch",STX,"",1,""
"Flunk",STX,"",3,""
"Go Blank",STX,"",1,""
"Lash of Malice",STX,"",1,""
"Promising Duskmage",STX,"",1,""
"Tenured Inkcaster",STX,"",4,""
"Umbral Juke",STX,"",1,""
"Unwilling Ingredient",STX,"",2,""
"Ardent Dustspeaker",STX,"",1,""
"Dragon's Approach",STX,"",1,""
"Fuming Effigy",STX,"",3,""
"Heated Debate",STX,"",2,""
"Illustrious Historian",STX,"",2,""
"Pigment Storm",STX,"",3,""
"Twinscroll Shaman",STX,"",1,""
"Accomplished Alchemist",STX,"",1,""
"Big Play",STX,"",4,""
"Bookwurm",STX,"",2,""
"Devouring Tendrils",STX,"",4,""
"Dragonsguard Elite",STX,"",2,""
"Emergent Sequence",STX,"",4,""
"Fortifying Draught",STX,"",4,""
"Honor Troll",STX,"",2,""
"Karok Wrangler",STX,"",1,""
"Mage Duel",STX,"",1,""
"Master Symmetrist",STX,"",4,""
"Professor of Zoomancy",STX,"",2,""
"Reckless Amplimancer",STX,"",1,""
"Springmane Cervin",STX,"",1,""
"Augmenter Pugilist",STX,"",1,""
"Blex, Vexing Pest",STX,"",1,""
"Flamescroll Celebrant",STX,"",1,""
"Pestilent Cauldron",STX,"",1,""
"Torrent Sculptor",STX,"",1,""
"Blade Historian",STX,"",1,""
"Blood Researcher",STX,"",1,""
"Closing Statement",STX,"",4,""
"Creative Outburst",STX,"",4,""
"Daemogoth Titan",STX,"",1,""
"Daemogoth Woe-Eater",STX,"",1,""
"Dina, Soul Steeper",STX,"",1,""
"Elemental Masterpiece",STX,"",1,""
"Eureka Moment",STX,"",4,""
"Expressive Iteration",STX,"",4,""
"Golden Ratio",STX,"",1,""
"Infuse with Vitality",STX,"",1,""
"Inkling Summoning",STX,"",3,""
"Lorehold Apprentice",STX,"",1,""
"Lorehold Command",STX,"",3,""
"Maelstrom Muse",STX,"",4,""
"Mortality Spear",STX,"",2,""
"Needlethorn Drake",STX,"",1,""
"Practical Research",STX,"",1,""
"Prismari Command",STX,"",2,""
"Prismari Pledgemage",STX,"",4,""
"Quandrix Command",STX,"",3,""
"Quandrix Cultivator",STX,"",4,""
"Quandrix Pledgemage",STX,"",1,""
"Quintorius, Field Historian",STX,"",3,""
"Relic Sloth",STX,"",2,""
"Returned Pastcaller",STX,"",2,""
"Rip Apart",STX,"",1,""
"Silverquill Command",STX,"",3,""
"Silverquill Pledgemage",STX,"",1,""
"Silverquill Silencer",STX,"",1,""
"Spiteful Squad",STX,"",1,""
"Vanishing Verse",STX,"",2,""
"Venerable Warsinger",STX,"",2,""
"Zimone, Quandrix Prodigy",STX,"",4,""
"Reflective Golem",STX,"",1,""
"Quandrix Campus",STX,"",1,""
"Witherbloom Campus",STX,"",2,""
"Plains",STX,"",1,""
"Plains",STX,"",1,""
"Island",STX,"",1,""
"Island",STX,"",1,""
"Swamp",STX,"",1,""
"Swamp",STX,"",1,""
"Mountain",STX,"",1,""
"Mountain",STX,"",1,""
"Forest",STX,"",1,""
"Forest",STX,"",1,""
"Negate",STA,"",1,""
"Tezzeret's Gambit",STA,"",1,""
"Inquisition of Kozilek",STA,"",1,""
"Tendrils of Agony",STA,"",1,""
"Claim the Firstborn",STA,"",1,""
"Shock",STA,"",1,""
"Krosan Grip",STA,"",1,""
"Snakeskin Veil",STA,"",4,""
"The Book of Exalted Deeds",AFR,"",1,""
"Celestial Unicorn",AFR,"",4,""
"Cleric Class",AFR,"",4,""
"Cloister Gargoyle",AFR,"",4,""
"Dancing Sword",AFR,"",2,""
"Dawnbringer Cleric",AFR,"",2,""
"Delver's Torch",AFR,"",4,""
"Devoted Paladin",AFR,"",3,""
"Divine Smite",AFR,"",1,""
"Dragon's Disciple",AFR,"",2,""
"Dwarfhold Champion",AFR,"",4,""
"Gloom Stalker",AFR,"",1,""
"Icingdeath, Frost Tyrant",AFR,"",1,""
"Keen-Eared Sentry",AFR,"",1,""
"Minimus Containment",AFR,"",2,""
"Monk of the Open Hand",AFR,"",4,""
"Nadaar, Selfless Paladin",AFR,"",4,""
"Oswald Fiddlebender",AFR,"",1,""
"Planar Ally",AFR,"",4,""
"Portable Hole",AFR,"",3,""
"Rally Maneuver",AFR,"",4,""
"Ranger's Hawk",AFR,"",4,""
"Steadfast Paladin",AFR,"",1,""
"Veteran Dungeoneer",AFR,"",4,""
"White Dragon",AFR,"",1,""
"You Hear Something on Watch",AFR,"",1,""
"Air-Cult Elemental",AFR,"",1,""
"Arcane Investigator",AFR,"",4,""
"Blue Dragon",AFR,"",2,""
"Charmed Sleep",AFR,"",1,""
"Contact Other Plane",AFR,"",3,""
"Demilich",AFR,"",3,""
"Djinni Windseer",AFR,"",1,""
"Dragon Turtle",AFR,"",1,""
"Grazilaxx, Illithid Scholar",AFR,"",1,""
"Guild Thief",AFR,"",1,""
"Iymrith, Desert Doom",AFR,"",1,""
"Mind Flayer",AFR,"",1,""
"Pixie Guide",AFR,"",1,""
"Rimeshield Frost Giant",AFR,"",1,""
"Shortcut Seeker",AFR,"",2,""
"Soulknife Spy",AFR,"",1,""
"Sudden Insight",AFR,"",1,""
"Trickster's Talisman",AFR,"",1,""
"Wizard Class",AFR,"",3,""
"You Find the Villains' Lair",AFR,"",2,""
"You See a Guard Approach",AFR,"",4,""
"Yuan-Ti Malison",AFR,"",1,""
"Acererak the Archlich",AFR,"",3,""
"Baleful Beholder",AFR,"",2,""
"Black Dragon",AFR,"",1,""
"Check for Traps",AFR,"",3,""
"Deadly Dispute",AFR,"",4,""
"Death-Priest of Myrkul",AFR,"",1,""
"Demogorgon's Clutches",AFR,"",1,""
"Drider",AFR,"",1,""
"Eyes of the Beholder",AFR,"",1,""
"Feign Death",AFR,"",4,""
"Forsworn Paladin",AFR,"",1,""
"Gelatinous Cube",AFR,"",1,""
"Grim Bounty",AFR,"",3,""
"Herald of Hadar",AFR,"",1,""
"Hired Hexblade",AFR,"",3,""
"Power Word Kill",AFR,"",4,""
"Precipitous Drop",AFR,"",4,""
"Ray of Enfeeblement",AFR,"",2,""
"Shambling Ghast",AFR,"",4,""
"Skullport Merchant",AFR,"",4,""
"Thieves' Tools",AFR,"",1,""
"Vampire Spawn",AFR,"",1,""
"Westgate Regent",AFR,"",1,""
"Wight",AFR,"",1,""
"Yuan-Ti Fang-Blade",AFR,"",4,""
"Boots of Speed",AFR,"",2,""
"Burning Hands",AFR,"",2,""
"Chaos Channeler",AFR,"",1,""
"Dragon's Fire",AFR,"",3,""
"Dueling Rapier",AFR,"",2,""
"Farideh's Fireball",AFR,"",4,""
"Flameskull",AFR,"",1,""
"Hobgoblin Captain",AFR,"",3,""
"Hulking Bugbear",AFR,"",3,""
"Improvised Weaponry",AFR,"",2,""
"Inferno of the Star Mounts",AFR,"",1,""
"Jaded Sell-Sword",AFR,"",3,""
"Magic Missile",AFR,"",2,""
"Meteor Swarm",AFR,"",2,""
"Price of Loyalty",AFR,"",1,""
"Red Dragon",AFR,"",2,""
"Swarming Goblins",AFR,"",1,""
"Unexpected Windfall",AFR,"",3,""
"Xorn",AFR,"",1,""
"You Come to the Gnoll Camp",AFR,"",1,""
"Zariel, Archduke of Avernus",AFR,"",1,""
"Bull's Strength",AFR,"",3,""
"Choose Your Weapon",AFR,"",2,""
"Druid Class",AFR,"",2,""
"Elturgard Ranger",AFR,"",1,""
"Froghemoth",AFR,"",1,""
"Hill Giant Herdgorger",AFR,"",3,""
"Inspiring Bard",AFR,"",1,""
"Intrepid Outlander",AFR,"",1,""
"Loathsome Troll",AFR,"",1,""
"Lurking Roper",AFR,"",2,""
"Ochre Jelly",AFR,"",2,""
"Owlbear",AFR,"",3,""
"Prosperous Innkeeper",AFR,"",4,""
"Ranger Class",AFR,"",2,""
"Scaled Herbalist",AFR,"",1,""
"Sylvan Shepherd",AFR,"",1,""
"Varis, Silverymoon Ranger",AFR,"",1,""
"Wandering Troubadour",AFR,"",1,""
"Werewolf Pack Leader",AFR,"",1,""
"You Find a Cursed Idol",AFR,"",1,""
"You Happen On a Glade",AFR,"",1,""
"You Meet in a Tavern",AFR,"",2,""
"Bard Class",AFR,"",1,""
"Barrowin of Clan Undurr",AFR,"",4,""
"Bruenor Battlehammer",AFR,"",4,""
"Drizzt Do'Urden",AFR,"",1,""
"Hama Pashar, Ruin Seeker",AFR,"",1,""
"Kalain, Reclusive Painter",AFR,"",3,""
"Orcus, Prince of Undeath",AFR,"",1,""
"Targ Nar, Demon-Fang Gnoll",AFR,"",3,""
"Trelasarra, Moon Dancer",AFR,"",4,""
"Triumphant Adventurer",AFR,"",3,""
"Bag of Holding",AFR,"",2,""
"Fifty Feet of Rope",AFR,"",4,""
"Greataxe",AFR,"",1,""
"Leather Armor",AFR,"",1,""
"Spare Dagger",AFR,"",1,""
"Dungeon Descent",AFR,"",1,""
"Evolving Wilds",AFR,"",4,""
"Temple of the Dragon Queen",AFR,"",2,""
"Treasure Vault",AFR,"",1,""
"Plains",AFR,"",1,""
"Plains",AFR,"",1,""
"Plains",AFR,"",1,""
"Plains",AFR,"",1,""
"Island",AFR,"",1,""
"Island",AFR,"",1,""
"Island",AFR,"",1,""
"Island",AFR,"",1,""
"Swamp",AFR,"",1,""
"Swamp",AFR,"",1,""
"Swamp",AFR,"",1,""
"Swamp",AFR,"",1,""
"Mountain",AFR,"",1,""
"Mountain",AFR,"",1,""
"Mountain",AFR,"",1,""
"Mountain",AFR,"",1,""
"Forest",AFR,"",1,""
"Forest",AFR,"",1,""
"Forest",AFR,"",1,""
"Forest",AFR,"",1,""
"Adeline, Resplendent Cathar",MID,"",4,""
"Ambitious Farmhand",MID,"",3,""
"Beloved Beggar",MID,"",1,""
"Bereaved Survivor",MID,"",3,""
"Borrowed Time",MID,"",4,""
"Brutal Cathar",MID,"",4,""
"Candlegrove Witch",MID,"",4,""
"Candletrap",MID,"",4,""
"Cathar Commando",MID,"",3,""
"Cathar's Call",MID,"",4,""
"Celestus Sanctifier",MID,"",4,""
"Chaplain of Alms",MID,"",2,""
"Clarion Cathars",MID,"",2,""
"Curse of Silence",MID,"",1,""
"Duelcraft Trainer",MID,"",4,""
"Fateful Absence",MID,"",1,""
"Flare of Faith",MID,"",1,""
"Gavony Dawnguard",MID,"",3,""
"Gavony Silversmith",MID,"",4,""
"Gavony Trapper",MID,"",3,""
"Hedgewitch's Mask",MID,"",4,""
"Homestead Courage",MID,"",4,""
"Intrepid Adversary",MID,"",4,""
"Loyal Gryff",MID,"",3,""
"Lunarch Veteran",MID,"",4,""
"Mourning Patrol",MID,"",4,""
"Odric's Outrider",MID,"",1,""
"Ritual Guardian",MID,"",3,""
"Ritual of Hope",MID,"",2,""
"Search Party Captain",MID,"",3,""
"Sigardian Savior",MID,"",1,""
"Soul-Guide Gryff",MID,"",4,""
"Sungold Barrage",MID,"",4,""
"Sunset Revelry",MID,"",1,""
"Thraben Exorcism",MID,"",2,""
"Unruly Mob",MID,"",2,""
"Vanquish the Horde",MID,"",1,""
"Baithook Angler",MID,"",3,""
"Component Collector",MID,"",1,""
"Consider",MID,"",4,""
"Covetous Castaway",MID,"",4,""
"Curse of Surveillance",MID,"",1,""
"Delver of Secrets",MID,"",4,""
"Devious Cover-Up",MID,"",1,""
"Dissipate",MID,"",3,""
"Drownyard Amalgam",MID,"",4,""
"Fading Hope",MID,"",4,""
"Falcon Abomination",MID,"",3,""
"Firmament Sage",MID,"",2,""
"Flip the Switch",MID,"",4,""
"Galedrifter",MID,"",4,""
"Geistwave",MID,"",4,""
"Lier, Disciple of the Drowned",MID,"",2,""
"Locked in the Cemetery",MID,"",1,""
"Memory Deluge",MID,"",3,""
"Mysterious Tome",MID,"",1,""
"Nebelgast Intruder",MID,"",3,""
"Ominous Roost",MID,"",3,""
"Organ Hoarder",MID,"",4,""
"Otherworldly Gaze",MID,"",1,""
"Overwhelmed Archivist",MID,"",4,""
"Patrician Geist",MID,"",1,""
"Phantom Carriage",MID,"",2,""
"Revenge of the Drowned",MID,"",3,""
"Shipwreck Sifters",MID,"",4,""
"Skaab Wrangler",MID,"",3,""
"Sludge Monster",MID,"",1,""
"Spectral Adversary",MID,"",4,""
"Startle",MID,"",1,""
"Stormrider Spirit",MID,"",3,""
"Triskaidekaphile",MID,"",1,""
"Unblinking Observer",MID,"",4,""
"Vivisection",MID,"",2,""
"Arrogant Outlaw",MID,"",2,""
"Baneblade Scoundrel",MID,"",1,""
"Bat Whisperer",MID,"",2,""
"Bladebrand",MID,"",1,""
"Blood Pact",MID,"",2,""
"Bloodtithe Collector",MID,"",1,""
"Champion of the Perished",MID,"",4,""
"Covert Cutpurse",MID,"",2,""
"Crawl from the Cellar",MID,"",4,""
"Defenestrate",MID,"",2,""
"Diregraf Horde",MID,"",3,""
"Dreadhound",MID,"",4,""
"Duress",MID,"",4,""
"Eaten Alive",MID,"",4,""
"Ecstatic Awakener",MID,"",4,""
"Foul Play",MID,"",2,""
"Ghoulish Procession",MID,"",2,""
"Graveyard Trespasser",MID,"",2,""
"Heirloom Mirror",MID,"",1,""
"Hobbling Zombie",MID,"",4,""
"Infernal Grasp",MID,"",4,""
"Jadar, Ghoulcaller of Nephalia",MID,"",1,""
"Jerren, Corrupted Bishop",MID,"",2,""
"The Meathook Massacre",MID,"",4,""
"Morbid Opportunist",MID,"",2,""
"Morkrut Behemoth",MID,"",3,""
"Necrosynthesis",MID,"",1,""
"No Way Out",MID,"",3,""
"Novice Occultist",MID,"",2,""
"Olivia's Midnight Ambush",MID,"",1,""
"Rotten Reunion",MID,"",4,""
"Shady Traveler",MID,"",3,""
"Siege Zombie",MID,"",4,""
"Vampire Interloper",MID,"",4,""
"Vengeful Strangler",MID,"",2,""
"Abandon the Post",MID,"",4,""
"Ardent Elementalist",MID,"",1,""
"Brimstone Vandal",MID,"",4,""
"Burn Down the House",MID,"",4,""
"Burn the Accursed",MID,"",4,""
"Cathartic Pyre",MID,"",3,""
"Curse of Shaken Faith",MID,"",2,""
"Electric Revelation",MID,"",1,""
"Falkenrath Perforator",MID,"",1,""
"Famished Foragers",MID,"",4,""
"Fangblade Brigand",MID,"",2,""
"Festival Crasher",MID,"",3,""
"Flame Channeler",MID,"",2,""
"Geistflame Reservoir",MID,"",2,""
"Harvesttide Infiltrator",MID,"",2,""
"Immolation",MID,"",3,""
"Lambholt Harrier",MID,"",4,""
"Lunar Frenzy",MID,"",2,""
"Moonrager's Slash",MID,"",4,""
"Mounted Dreadknight",MID,"",4,""
"Neonate's Rush",MID,"",2,""
"Obsessive Astronomer",MID,"",2,""
"Pack's Betrayal",MID,"",3,""
"Play with Fire",MID,"",4,""
"Purifying Dragon",MID,"",1,""
"Raze the Effigy",MID,"",2,""
"Reckless Stormseeker",MID,"",1,""
"Seize the Storm",MID,"",3,""
"Smoldering Egg",MID,"",2,""
"Spellrune Painter",MID,"",4,""
"Stolen Vitality",MID,"",4,""
"Sunstreak Phoenix",MID,"",1,""
"Tavern Ruffian",MID,"",3,""
"Thermo-Alchemist",MID,"",4,""
"Village Watch",MID,"",2,""
"Voldaren Ambusher",MID,"",1,""
"Voldaren Stinger",MID,"",4,""
"Augur of Autumn",MID,"",1,""
"Bird Admirer",MID,"",2,""
"Bounding Wolf",MID,"",3,""
"Bramble Armor",MID,"",2,""
"Briarbridge Tracker",MID,"",1,""
"Brood Weaver",MID,"",1,""
"Burly Breaker",MID,"",3,""
"Candlelit Cavalry",MID,"",2,""
"Consuming Blob",MID,"",2,""
"Contortionist Troupe",MID,"",2,""
"Dawnhart Mentor",MID,"",1,""
"Dawnhart Rejuvenator",MID,"",2,""
"Deathbonnet Sprout",MID,"",4,""
"Defend the Celestus",MID,"",1,""
"Dryad's Revival",MID,"",4,""
"Duel for Dominance",MID,"",3,""
"Eccentric Farmer",MID,"",4,""
"Harvesttide Sentry",MID,"",1,""
"Howl of the Hunt",MID,"",1,""
"Might of the Old Ways",MID,"",1,""
"Outland Liberator",MID,"",3,""
"Path to the Festival",MID,"",4,""
"Pestilent Wolf",MID,"",3,""
"Plummet",MID,"",1,""
"Primal Adversary",MID,"",4,""
"Return to Nature",MID,"",4,""
"Rise of the Ants",MID,"",1,""
"Shadowbeast Sighting",MID,"",3,""
"Snarling Wolf",MID,"",3,""
"Tapping at the Window",MID,"",2,""
"Timberland Guide",MID,"",2,""
"Tovolar's Huntmaster",MID,"",2,""
"Unnatural Growth",MID,"",4,""
"Wrenn and Seven",MID,"",4,""
"Angelfire Ignition",MID,"",2,""
"Arcane Infusion",MID,"",4,""
"Arlinn, the Pack's Hope",MID,"",2,""
"Bladestitched Skaab",MID,"",4,""
"Corpse Cobble",MID,"",2,""
"Croaking Counterpart",MID,"",1,""
"Dawnhart Wardens",MID,"",3,""
"Dennick, Pious Apprentice",MID,"",2,""
"Devoted Grafkeeper",MID,"",3,""
"Dire-Strain Rampage",MID,"",2,""
"Diregraf Rebirth",MID,"",4,""
"Faithful Mending",MID,"",4,""
"Fleshtaker",MID,"",1,""
"Florian, Voldaren Scion",MID,"",1,""
"Galvanic Iteration",MID,"",1,""
"Ghoulcaller's Harvest",MID,"",1,""
"Hungry for More",MID,"",4,""
"Join the Dance",MID,"",3,""
"Katilda, Dawnhart Prime",MID,"",2,""
"Kessig Naturalist",MID,"",2,""
"Liesa, Forgotten Archangel",MID,"",1,""
"Ludevic, Necrogenius",MID,"",2,""
"Old Stickfingers",MID,"",1,""
"Rem Karolus, Stalwart Slayer",MID,"",1,""
"Rite of Harmony",MID,"",1,""
"Rite of Oblivion",MID,"",2,""
"Rootcoil Creeper",MID,"",3,""
"Sacred Fire",MID,"",4,""
"Sigarda, Champion of Light",MID,"",1,""
"Storm Skreelix",MID,"",3,""
"Sunrise Cavalier",MID,"",1,""
"Tovolar, Dire Overlord",MID,"",3,""
"Unnatural Moonrise",MID,"",4,""
"Vadrik, Astral Archmage",MID,"",2,""
"Vampire Socialite",MID,"",3,""
"Wake to Slaughter",MID,"",1,""
"The Celestus",MID,"",2,""
"Crossroads Candleguide",MID,"",2,""
"Jack-o'-Lantern",MID,"",3,""
"Moonsilver Key",MID,"",3,""
"Mystic Skull",MID,"",2,""
"Pithing Needle",MID,"",3,""
"Silver Bolt",MID,"",2,""
"Stuffed Bear",MID,"",4,""
"Deserted Beach",MID,"",4,""
"Evolving Wilds",MID,"",4,""
"Field of Ruin",MID,"",3,""
"Haunted Ridge",MID,"",4,""
"Overgrown Farmland",MID,"",4,""
"Rockfall Vale",MID,"",2,""
"Shipwreck Marsh",MID,"",4,""
"Plains",MID,"",1,""
"Island",MID,"",1,""
"Swamp",MID,"",1,""
"Mountain",MID,"",1,""
"Forest",MID,"",1,""
"Arcane Signet",ANB,"",4,""
"Command Tower",ANB,"",4,""
"Adamant Will",VOW,"",4,""
"Angelic Quartermaster",VOW,"",4,""
"Bride's Gown",VOW,"",1,""
"By Invitation Only",VOW,"",1,""
"Circle of Confinement",VOW,"",4,""
"Dawnhart Geist",VOW,"",3,""
"Distracting Geist",VOW,"",2,""
"Drogskol Infantry",VOW,"",4,""
"Estwald Shieldbasher",VOW,"",4,""
"Fierce Retribution",VOW,"",4,""
"Fleeting Spirit",VOW,"",2,""
"Gryff Rider",VOW,"",3,""
"Gryffwing Cavalry",VOW,"",2,""
"Heron of Hope",VOW,"",3,""
"Heron-Blessed Geist",VOW,"",4,""
"Hopeful Initiate",VOW,"",4,""
"Katilda, Dawnhart Martyr",VOW,"",1,""
"Kindly Ancestor",VOW,"",1,""
"Nebelgast Beguiler",VOW,"",2,""
"Nurturing Presence",VOW,"",3,""
"Ollenbock Escort",VOW,"",3,""
"Panicked Bystander",VOW,"",1,""
"Parish-Blade Trainee",VOW,"",4,""
"Piercing Light",VOW,"",4,""
"Radiant Grace",VOW,"",4,""
"Resistance Squad",VOW,"",1,""
"Sanctify",VOW,"",4,""
"Savior of Ollenbock",VOW,"",3,""
"Sigarda's Imprisonment",VOW,"",4,""
"Sigarda's Summons",VOW,"",3,""
"Supernatural Rescue",VOW,"",3,""
"Thalia, Guardian of Thraben",VOW,"",2,""
"Traveling Minister",VOW,"",4,""
"Twinblade Geist",VOW,"",2,""
"Unholy Officiant",VOW,"",4,""
"Valorous Stance",VOW,"",4,""
"Vampire Slayer",VOW,"",4,""
"Voice of the Blessed",VOW,"",4,""
"Wedding Announcement",VOW,"",4,""
"Welcoming Vampire",VOW,"",1,""
"Alchemist's Retrieval",VOW,"",4,""
"Binding Geist",VOW,"",4,""
"Biolume Egg",VOW,"",4,""
"Cemetery Illuminator",VOW,"",1,""
"Chill of the Grave",VOW,"",3,""
"Cobbled Lancer",VOW,"",1,""
"Cradle of Safety",VOW,"",3,""
"Cruel Witness",VOW,"",1,""
"Diver Skaab",VOW,"",4,""
"Dreadlight Monstrosity",VOW,"",4,""
"Dreamshackle Geist",VOW,"",3,""
"Fear of Death",VOW,"",4,""
"Geistlight Snare",VOW,"",4,""
"Geralf, Visionary Stitcher",VOW,"",2,""
"Gutter Skulker",VOW,"",3,""
"Hullbreaker Horror",VOW,"",3,""
"Inspired Idea",VOW,"",1,""
"Jacob Hauken, Inspector",VOW,"",2,""
"Lantern Bearer",VOW,"",4,""
"Lunar Rejection",VOW,"",2,""
"Mirrorhall Mimic",VOW,"",2,""
"Mischievous Catgeist",VOW,"",3,""
"Necroduality",VOW,"",2,""
"Overcharged Amalgam",VOW,"",3,""
"Patchwork Crawler",VOW,"",1,""
"Repository Skaab",VOW,"",4,""
"Scattered Thoughts",VOW,"",4,""
"Selhoff Entomber",VOW,"",4,""
"Serpentine Ambush",VOW,"",4,""
"Skywarp Skaab",VOW,"",4,""
"Soulcipher Board",VOW,"",2,""
"Steelclad Spirit",VOW,"",3,""
"Stitched Assistant",VOW,"",3,""
"Stormchaser Drake",VOW,"",2,""
"Syncopate",VOW,"",4,""
"Syphon Essence",VOW,"",2,""
"Thirst for Discovery",VOW,"",4,""
"Wash Away",VOW,"",1,""
"Whispering Wizard",VOW,"",2,""
"Winged Portent",VOW,"",2,""
"Witness the Future",VOW,"",3,""
"Wretched Throng",VOW,"",4,""
"Aim for the Head",VOW,"",3,""
"Archghoul of Thraben",VOW,"",4,""
"Bleed Dry",VOW,"",4,""
"Blood Fountain",VOW,"",4,""
"Bloodcrazed Socialite",VOW,"",4,""
"Bloodsworn Squire",VOW,"",2,""
"Bloodvial Purveyor",VOW,"",3,""
"Catapult Fodder",VOW,"",3,""
"Concealing Curtains",VOW,"",1,""
"Courier Bat",VOW,"",3,""
"Demonic Bargain",VOW,"",1,""
"Desperate Farmer",VOW,"",4,""
"Diregraf Scavenger",VOW,"",4,""
"Doomed Dissenter",VOW,"",4,""
"Dread Fugue",VOW,"",2,""
"Dying to Serve",VOW,"",2,""
"Falkenrath Forebear",VOW,"",1,""
"Fell Stinger",VOW,"",4,""
"Gift of Fangs",VOW,"",4,""
"Gluttonous Guest",VOW,"",4,""
"Grisly Ritual",VOW,"",4,""
"Groom's Finery",VOW,"",3,""
"Henrika Domnathi",VOW,"",2,""
"Hero's Downfall",VOW,"",4,""
"Innocent Traveler",VOW,"",1,""
"Mindleech Ghoul",VOW,"",4,""
"Parasitic Grasp",VOW,"",4,""
"Path of Peril",VOW,"",2,""
"Persistent Specimen",VOW,"",4,""
"Pointed Discussion",VOW,"",4,""
"Ragged Recluse",VOW,"",2,""
"Restless Bloodseeker",VOW,"",1,""
"Rot-Tide Gargantua",VOW,"",4,""
"Skulking Killer",VOW,"",4,""
"Sorin the Mirthless",VOW,"",2,""
"Toxrill, the Corrosive",VOW,"",2,""
"Undead Butler",VOW,"",4,""
"Undying Malice",VOW,"",3,""
"Unhallowed Phalanx",VOW,"",4,""
"Vampire's Kiss",VOW,"",2,""
"Voldaren Bloodcaster",VOW,"",2,""
"Wedding Security",VOW,"",1,""
"Abrade",VOW,"",4,""
"Alchemist's Gambit",VOW,"",3,""
"Alluring Suitor",VOW,"",2,""
"Ancestral Anger",VOW,"",4,""
"Belligerent Guest",VOW,"",4,""
"Blood Hypnotist",VOW,"",2,""
"Blood Petal Celebrant",VOW,"",2,""
"Bloody Betrayal",VOW,"",4,""
"Cemetery Gatekeeper",VOW,"",1,""
"Change of Fortune",VOW,"",2,""
"Creepy Puppeteer",VOW,"",1,""
"Curse of Hospitality",VOW,"",1,""
"Daybreak Combatants",VOW,"",4,""
"Dominating Vampire",VOW,"",1,""
"End the Festivities",VOW,"",4,""
"Falkenrath Celebrants",VOW,"",3,""
"Fearful Villager",VOW,"",2,""
"Flame-Blessed Bolt",VOW,"",4,""
"Frenzied Devils",VOW,"",1,""
"Honeymoon Hearse",VOW,"",4,""
"Hungry Ridgewolf",VOW,"",4,""
"Ill-Tempered Loner",VOW,"",2,""
"Into the Night",VOW,"",2,""
"Kessig Flamebreather",VOW,"",4,""
"Kessig Wolfrider",VOW,"",2,""
"Lacerate Flesh",VOW,"",3,""
"Lambholt Raconteur",VOW,"",3,""
"Lightning Wolf",VOW,"",4,""
"Magma Pummeler",VOW,"",2,""
"Manaform Hellkite",VOW,"",1,""
"Markov Retribution",VOW,"",2,""
"Olivia's Attendants",VOW,"",2,""
"Pyre Spawn",VOW,"",4,""
"Reckless Impulse",VOW,"",4,""
"Rending Flame",VOW,"",4,""
"Runebound Wolf",VOW,"",4,""
"Sanguine Statuette",VOW,"",4,""
"Stensia Uprising",VOW,"",3,""
"Sure Strike",VOW,"",2,""
"Voldaren Epicure",VOW,"",4,""
"Voltaic Visionary",VOW,"",4,""
"Weary Prisoner",VOW,"",4,""
"Apprentice Sharpshooter",VOW,"",3,""
"Ascendant Packleader",VOW,"",2,""
"Avabruck Caretaker",VOW,"",3,""
"Bramble Armor",VOW,"",4,""
"Cartographer's Survey",VOW,"",3,""
"Cloaked Cadet",VOW,"",1,""
"Crawling Infestation",VOW,"",4,""
"Crushing Canopy",VOW,"",4,""
"Dawnhart Disciple",VOW,"",4,""
"Dig Up",VOW,"",4,""
"Dormant Grove",VOW,"",4,""
"Flourishing Hunter",VOW,"",4,""
"Glorious Sunrise",VOW,"",2,""
"Hamlet Vanguard",VOW,"",2,""
"Hookhand Mariner",VOW,"",4,""
"Howling Moon",VOW,"",2,""
"Howlpack Piper",VOW,"",4,""
"Infestation Expert",VOW,"",4,""
"Laid to Rest",VOW,"",4,""
"Massive Might",VOW,"",4,""
"Moldgraf Millipede",VOW,"",4,""
"Mulch",VOW,"",4,""
"Nature's Embrace",VOW,"",4,""
"Oakshade Stalker",VOW,"",1,""
"Packsong Pup",VOW,"",4,""
"Reclusive Taxidermist",VOW,"",4,""
"Retrieve",VOW,"",1,""
"Rural Recruit",VOW,"",4,""
"Sawblade Slinger",VOW,"",2,""
"Sheltering Boughs",VOW,"",2,""
"Snarling Wolf",VOW,"",4,""
"Spiked Ripsaw",VOW,"",1,""
"Splendid Reclamation",VOW,"",3,""
"Spore Crawler",VOW,"",3,""
"Sporeback Wolf",VOW,"",4,""
"Toxic Scorpion",VOW,"",4,""
"Ulvenwald Oddity",VOW,"",3,""
"Weaver of Blossoms",VOW,"",4,""
"Witch's Web",VOW,"",4,""
"Wolf Strike",VOW,"",4,""
"Wolfkin Outcast",VOW,"",1,""
"Anje, Maid of Dishonor",VOW,"",1,""
"Bloodtithe Harvester",VOW,"",4,""
"Brine Comber",VOW,"",3,""
"Child of the Pack",VOW,"",4,""
"Dorothea, Vengeful Victim",VOW,"",2,""
"Edgar, Charmed Groom",VOW,"",1,""
"Eruth, Tormented Prophet",VOW,"",2,""
"Halana and Alena, Partners",VOW,"",1,""
"Markov Purifier",VOW,"",3,""
"Odric, Blood-Cursed",VOW,"",2,""
"Old Rutstein",VOW,"",2,""
"Olivia, Crimson Bride",VOW,"",2,""
"Runo Stromkirk",VOW,"",2,""
"Sigardian Paladin",VOW,"",2,""
"Skull Skaab",VOW,"",3,""
"Torens, Fist of the Angels",VOW,"",2,""
"Vilespawn Spider",VOW,"",2,""
"Wandering Mind",VOW,"",4,""
"Blood Servitor",VOW,"",4,""
"Boarded Window",VOW,"",4,""
"Ceremonial Knife",VOW,"",3,""
"Dollhouse of Horrors",VOW,"",1,""
"Foreboding Statue",VOW,"",1,""
"Honored Heirloom",VOW,"",4,""
"Investigator's Journal",VOW,"",1,""
"Lantern of the Lost",VOW,"",4,""
"Wedding Invitation",VOW,"",4,""
"Deathcap Glade",VOW,"",4,""
"Dreamroot Cascade",VOW,"",4,""
"Evolving Wilds",VOW,"",2,""
"Shattered Sanctum",VOW,"",3,""
"Stormcarved Coast",VOW,"",3,""
"Sundown Pass",VOW,"",4,""
"Plains",VOW,"",1,""
"Island",VOW,"",1,""
"Swamp",VOW,"",1,""
"Mountain",VOW,"",1,""
"Forest",VOW,"",1,""
"Angel of Unity",Y22-MID,"",1,""
"Faithful Disciple",Y22-MID,"",1,""
"Kindred Denial",Y22-MID,"",1,""
"Rimewall Protector",Y22-MID,"",1,""
"Cursebound Witch",Y22-MID,"",1,""
"Bloodrage Alpha",Y22-MID,"",1,""
"Soulstealer Axe",Y22-MID,"",1,""
"A-Goldspan Dragon",KHM,"",4,""
"A-Esika's Chariot",KHM,"",1,""
"A-Demilich",AFR,"",3,""
"A-Wizard Class",AFR,"",3,""
"A-Druid Class",AFR,"",2,""
"A-Phylath, World Sculptor",ZNR,"",2,""
"A-Cosmos Elixir",KHM,"",2,""
"A-Luminarch Aspirant",ZNR,"",4,""
"A-Cloister Gargoyle",AFR,"",4,""
"A-Acererak the Archlich",AFR,"",3,""
"A-Precipitous Drop",AFR,"",4,""
"A-Triumphant Adventurer",AFR,"",3,""
"A-Dungeon Descent",AFR,"",1,""
"A-Hullbreaker Horror",VOW,"",3,""
"A-Lier, Disciple of the Drowned",MID,"",2,""
"Ancestral Katana",NEO,"",4,""
"Banishing Slash",NEO,"",4,""
"Befriending the Moths",NEO,"",4,""
"Blade-Blizzard Kitsune",NEO,"",2,""
"Born to Drive",NEO,"",2,""
"Cloudsteel Kirin",NEO,"",3,""
"Dragonfly Suit",NEO,"",4,""
"Eiganjo Exemplar",NEO,"",4,""
"Era of Enlightenment",NEO,"",4,""
"The Fall of Lord Konda",NEO,"",3,""
"Farewell",NEO,"",3,""
"Go-Shintai of Shared Purpose",NEO,"",2,""
"Golden-Tail Disciple",NEO,"",3,""
"Hotshot Mechanic",NEO,"",4,""
"Imperial Oath",NEO,"",4,""
"Imperial Recovery Unit",NEO,"",4,""
"Imperial Subduer",NEO,"",4,""
"Intercessor's Arrest",NEO,"",4,""
"Invoke Justice",NEO,"",1,""
"Kitsune Ace",NEO,"",4,""
"Kyodai, Soul of Kamigawa",NEO,"",3,""
"Light the Way",NEO,"",4,""
"Light-Paws, Emperor's Voice",NEO,"",1,""
"Lion Sash",NEO,"",3,""
"Lucky Offering",NEO,"",3,""
"March of Otherworldly Light",NEO,"",1,""
"Michiko's Reign of Truth",NEO,"",4,""
"Mothrider Patrol",NEO,"",4,""
"Norika Yamazaki, the Poet",NEO,"",1,""
"Regent's Authority",NEO,"",4,""
"Repel the Vile",NEO,"",4,""
"The Restoration of Eiganjo",NEO,"",2,""
"Selfless Samurai",NEO,"",3,""
"Seven-Tail Mentor",NEO,"",2,""
"Spirited Companion",NEO,"",4,""
"Sunblade Samurai",NEO,"",4,""
"Touch the Spirit Realm",NEO,"",4,""
"Wanderer's Intervention",NEO,"",4,""
"The Wandering Emperor",NEO,"",3,""
"When We Were Young",NEO,"",4,""
"Acquisition Octopus",NEO,"",4,""
"Anchor to Reality",NEO,"",4,""
"Armguard Familiar",NEO,"",4,""
"Awakened Awareness",NEO,"",1,""
"Behold the Unspeakable",NEO,"",4,""
"Covert Technician",NEO,"",4,""
"Discover the Impossible",NEO,"",3,""
"Disruption Protocol",NEO,"",4,""
"Essence Capture",NEO,"",4,""
"Futurist Operative",NEO,"",3,""
"Futurist Sentinel",NEO,"",4,""
"Go-Shintai of Lost Wisdom",NEO,"",4,""
"Guardians of Oboro",NEO,"",4,""
"Inventive Iteration",NEO,"",1,""
"Invoke the Winds",NEO,"",2,""
"Jin-Gitaxias, Progress Tyrant",NEO,"",2,""
"Kairi, the Swirling Sky",NEO,"",3,""
"March of Swirling Mist",NEO,"",2,""
"Mindlink Mech",NEO,"",2,""
"Mirrorshell Crab",NEO,"",4,""
"Mnemonic Sphere",NEO,"",4,""
"Mobilizer Mech",NEO,"",4,""
"The Modern Age",NEO,"",4,""
"Moon-Circuit Hacker",NEO,"",4,""
"Moonfolk Puzzlemaker",NEO,"",4,""
"Moonsnare Prototype",NEO,"",4,""
"Moonsnare Specialist",NEO,"",4,""
"Network Disruptor",NEO,"",4,""
"Planar Incision",NEO,"",3,""
"Prosperous Thief",NEO,"",4,""
"Reality Heist",NEO,"",3,""
"Saiba Trespassers",NEO,"",4,""
"Short Circuit",NEO,"",2,""
"Skyswimmer Koi",NEO,"",2,""
"Spell Pierce",NEO,"",4,""
"Suit Up",NEO,"",4,""
"Tamiyo's Compleation",NEO,"",1,""
"Tezzeret, Betrayer of Flesh",NEO,"",1,""
"Thirst for Knowledge",NEO,"",2,""
"Thousand-Faced Shadow",NEO,"",2,""
"Assassin's Ink",NEO,"",4,""
"Biting-Palm Ninja",NEO,"",3,""
"Blade of the Oni",NEO,"",1,""
"Chainflail Centipede",NEO,"",4,""
"Clawing Torment",NEO,"",4,""
"Debt to the Kami",NEO,"",4,""
"Dockside Chef",NEO,"",4,""
"Dokuchi Shadow-Walker",NEO,"",4,""
"Dokuchi Silencer",NEO,"",4,""
"Enormous Energy Blade",NEO,"",4,""
"Gravelighter",NEO,"",4,""
"Hidetsugu, Devouring Chaos",NEO,"",3,""
"Inkrise Infiltrator",NEO,"",4,""
"Invoke Despair",NEO,"",4,""
"Junji, the Midnight Sky",NEO,"",4,""
"Kaito's Pursuit",NEO,"",4,""
"Kami of Restless Shadows",NEO,"",4,""
"Kami of Terrible Secrets",NEO,"",4,""
"Leech Gauntlet",NEO,"",4,""
"Lethal Exploit",NEO,"",4,""
"Life of Toshiro Umezawa",NEO,"",2,""
"The Long Reach of Night",NEO,"",4,""
"Malicious Malfunction",NEO,"",1,""
"March of Wretched Sorrow",NEO,"",3,""
"Mukotai Ambusher",NEO,"",3,""
"Mukotai Soulripper",NEO,"",3,""
"Nashi, Moon Sage's Scion",NEO,"",2,""
"Nezumi Bladeblesser",NEO,"",4,""
"Nezumi Prowler",NEO,"",2,""
"Okiba Reckoner Raid",NEO,"",4,""
"Reckoner Shakedown",NEO,"",4,""
"Reckoner's Bargain",NEO,"",4,""
"Return to Action",NEO,"",3,""
"Soul Transfer",NEO,"",2,""
"Tatsunari, Toad Rider",NEO,"",1,""
"Tribute to Horobi",NEO,"",3,""
"Twisted Embrace",NEO,"",4,""
"Undercity Scrounger",NEO,"",4,""
"Unforgiving One",NEO,"",3,""
"Virus Beetle",NEO,"",4,""
"You Are Already Dead",NEO,"",3,""
"Akki Ember-Keeper",NEO,"",4,""
"Akki Ronin",NEO,"",1,""
"Akki War Paint",NEO,"",4,""
"Ambitious Assault",NEO,"",4,""
"Atsushi, the Blazing Sky",NEO,"",1,""
"Crackling Emergence",NEO,"",4,""
"Dragonspark Reactor",NEO,"",4,""
"Experimental Synthesizer",NEO,"",4,""
"Explosive Entry",NEO,"",4,""
"Explosive Singularity",NEO,"",1,""
"Fable of the Mirror-Breaker",NEO,"",4,""
"Flame Discharge",NEO,"",3,""
"Gift of Wrath",NEO,"",4,""
"Go-Shintai of Ancient Wars",NEO,"",2,""
"Goro-Goro, Disciple of Ryusei",NEO,"",1,""
"Heiko Yamazaki, the General",NEO,"",2,""
"Ironhoof Boar",NEO,"",2,""
"Kami of Industry",NEO,"",4,""
"Kami's Flare",NEO,"",4,""
"Kindled Fury",NEO,"",4,""
"Kumano Faces Kakkazan",NEO,"",4,""
"March of Reckless Joy",NEO,"",1,""
"Ogre-Head Helm",NEO,"",3,""
"Peerless Samurai",NEO,"",4,""
"Rabbit Battery",NEO,"",4,""
"Reinforced Ronin",NEO,"",4,""
"Scrap Welder",NEO,"",1,""
"Scrapyard Steelbreaker",NEO,"",4,""
"Seismic Wave",NEO,"",3,""
"Simian Sling",NEO,"",2,""
"Sokenzan Smelter",NEO,"",4,""
"Tempered in Solitude",NEO,"",3,""
"Towashi Songshaper",NEO,"",4,""
"Twinshot Sniper",NEO,"",2,""
"Unstoppable Ogre",NEO,"",3,""
"Upriser Renegade",NEO,"",2,""
"Voltage Surge",NEO,"",4,""
"Azusa's Many Journeys",NEO,"",4,""
"Bamboo Grove Archer",NEO,"",4,""
"Bearer of Memory",NEO,"",3,""
"Blossom Prancer",NEO,"",2,""
"Boon of Boseiju",NEO,"",2,""
"Boseiju Reaches Skyward",NEO,"",4,""
"Careful Cultivation",NEO,"",4,""
"Coiling Stalker",NEO,"",2,""
"Commune with Spirits",NEO,"",4,""
"The Dragon-Kami Reborn",NEO,"",1,""
"Fade into Antiquity",NEO,"",4,""
"Fang of Shigeki",NEO,"",4,""
"Favor of Jukai",NEO,"",4,""
"Generous Visitor",NEO,"",4,""
"Geothermal Kami",NEO,"",4,""
"Go-Shintai of Boundless Vigor",NEO,"",1,""
"Grafted Growth",NEO,"",2,""
"Greater Tanuki",NEO,"",3,""
"Harmonious Emergence",NEO,"",4,""
"Heir of the Ancient Fang",NEO,"",4,""
"Historian's Wisdom",NEO,"",3,""
"Invoke the Ancients",NEO,"",1,""
"Jugan Defends the Temple",NEO,"",3,""
"Jukai Preserver",NEO,"",4,""
"Jukai Trainee",NEO,"",3,""
"Kami of Transience",NEO,"",4,""
"Kappa Tech-Wrecker",NEO,"",2,""
"Kodama of the West Tree",NEO,"",2,""
"March of Burgeoning Life",NEO,"",2,""
"Master's Rebuke",NEO,"",2,""
"Orochi Merge-Keeper",NEO,"",3,""
"Roaring Earth",NEO,"",3,""
"Season of Renewal",NEO,"",2,""
"Shigeki, Jukai Visionary",NEO,"",3,""
"Spinning Wheel Kick",NEO,"",2,""
"Spring-Leaf Avenger",NEO,"",1,""
"Storyweave",NEO,"",3,""
"Tales of Master Seshiro",NEO,"",4,""
"Tamiyo's Safekeeping",NEO,"",4,""
"Teachings of the Kirin",NEO,"",1,""
"Weaver of Harmony",NEO,"",4,""
"Webspinner Cuff",NEO,"",2,""
"Asari Captain",NEO,"",4,""
"Colossal Skyturtle",NEO,"",3,""
"Enthusiastic Mechanaut",NEO,"",3,""
"Gloomshrieker",NEO,"",4,""
"Greasefang, Okiba Boss",NEO,"",3,""
"Hidetsugu Consumes All",NEO,"",1,""
"Invigorating Hot Spring",NEO,"",3,""
"Jukai Naturalist",NEO,"",4,""
"Kaito Shizuki",NEO,"",1,""
"Kotose, the Silent Spider",NEO,"",4,""
"Naomi, Pillar of Order",NEO,"",3,""
"Oni-Cult Anvil",NEO,"",4,""
"Prodigy's Prototype",NEO,"",4,""
"Raiyuu, Storm's Edge",NEO,"",2,""
"Risona, Asari Commander",NEO,"",1,""
"Satoru Umezawa",NEO,"",2,""
"Satsuki, the Living Lore",NEO,"",3,""
"Silver-Fur Master",NEO,"",4,""
"Spirit-Sister's Call",NEO,"",1,""
"Automated Artificer",NEO,"",4,""
"Bronze Cudgels",NEO,"",3,""
"Brute Suit",NEO,"",4,""
"Circuit Mender",NEO,"",4,""
"Containment Construct",NEO,"",2,""
"Dramatist's Puppet",NEO,"",4,""
"Eater of Virtue",NEO,"",2,""
"Ecologist's Terrarium",NEO,"",4,""
"High-Speed Hoverbike",NEO,"",4,""
"Iron Apprentice",NEO,"",4,""
"Mirror Box",NEO,"",2,""
"Network Terminal",NEO,"",4,""
"Ninja's Kunai",NEO,"",4,""
"Papercraft Decoy",NEO,"",3,""
"Patchwork Automaton",NEO,"",4,""
"Reckoner Bankbuster",NEO,"",4,""
"Reito Sentinel",NEO,"",4,""
"Runaway Trash-Bot",NEO,"",3,""
"Searchlight Companion",NEO,"",2,""
"Shrine Steward",NEO,"",4,""
"Surgehacker Mech",NEO,"",2,""
"Thundersteel Colossus",NEO,"",4,""
"Towashi Guide-Bot",NEO,"",3,""
"Bloodfell Caves",NEO,"",4,""
"Blossoming Sands",NEO,"",3,""
"Boseiju, Who Endures",NEO,"",1,""
"Dismal Backwater",NEO,"",4,""
"Eiganjo, Seat of the Empire",NEO,"",2,""
"Jungle Hollow",NEO,"",4,""
"Mech Hangar",NEO,"",4,""
"Otawara, Soaring City",NEO,"",1,""
"Roadside Reliquary",NEO,"",2,""
"Rugged Highlands",NEO,"",3,""
"Scoured Barrens",NEO,"",4,""
"Secluded Courtyard",NEO,"",3,""
"Sokenzan, Crucible of Defiance",NEO,"",1,""
"Swiftwater Cliffs",NEO,"",4,""
"Takenuma, Abandoned Mire",NEO,"",4,""
"Thornwood Falls",NEO,"",4,""
"Tranquil Cove",NEO,"",4,""
"Uncharted Haven",NEO,"",4,""
"Wind-Scarred Crag",NEO,"",4,""
"Plains",NEO,"",1,""
"Plains",NEO,"",1,""
"Island",NEO,"",1,""
"Island",NEO,"",1,""
"Swamp",NEO,"",1,""
"Swamp",NEO,"",1,""
"Mountain",NEO,"",1,""
"Mountain",NEO,"",1,""
"Forest",NEO,"",1,""
"Forest",NEO,"",1,""
"A-Cosmos Charger",KHM,"",3,""
"A-Narfi, Betrayer King",KHM,"",3,""
"A-Vega, the Watcher",KHM,"",4,""
"A-Death-Priest of Myrkul",AFR,"",1,""
"A-Cobbled Lancer",VOW,"",1,""
"A-Stitched Assistant",VOW,"",3,""
"A-Skull Skaab",VOW,"",3,""
"A-Falcon Abomination",MID,"",3,""
"A-Hobbling Zombie",MID,"",4,""
"Dragonfly Pilot",Y22-NEO,"",4,""
"Kami of Transmutation",Y22-NEO,"",1,""
"Experimental Pilot",Y22-NEO,"",4,""
"Holographic Double",Y22-NEO,"",2,""
"Futurist Spellthief",Y22-NEO,"",1,""
"Semblance Scanner",Y22-NEO,"",1,""
"Better Offer",Y22-NEO,"",1,""
"Painful Bond",Y22-NEO,"",4,""
"Swarm Saboteur",Y22-NEO,"",2,""
"Undercity Plunder",Y22-NEO,"",1,""
"Soul Servitude",Y22-NEO,"",1,""
"Consuming Oni",Y22-NEO,"",2,""
"Artillery Enthusiast",Y22-NEO,"",4,""
"Foundry Beetle",Y22-NEO,"",1,""
"Junkyard Scrapper",Y22-NEO,"",1,""
"Bellowsbreath Ogre",Y22-NEO,"",3,""
"Molten Impact",Y22-NEO,"",1,""
"Forgeborn Phoenix",Y22-NEO,"",1,""
"Kami of Bamboo Groves",Y22-NEO,"",4,""
"Chronicler of Worship",Y22-NEO,"",1,""
"Boseiju Pathlighter",Y22-NEO,"",1,""
"Jukai Liberator",Y22-NEO,"",1,""
"Runaway Growth",Y22-NEO,"",1,""
"A-Kargan Warleader",ZNR,"",4,""
"A-Base Camp",ZNR,"",1,""
"A-Return Upon the Tide",KHM,"",4,""
"A-Elderleaf Mentor",KHM,"",1,""
"A-Elven Bow",KHM,"",3,""
"A-Skemfar Elderhall",KHM,"",1,""
"A-Dwarfhold Champion",AFR,"",4,""
"A-Bruenor Battlehammer",AFR,"",4,""
"Angelic Observer",SNC,"",2,""
"Backup Agent",SNC,"",4,""
"Ballroom Brawlers",SNC,"",1,""
"Boon of Safety",SNC,"",4,""
"Brokers Initiate",SNC,"",4,""
"Buy Your Silence",SNC,"",4,""
"Celebrity Fencer",SNC,"",4,""
"Citizen's Crowbar",SNC,"",4,""
"Dapper Shieldmate",SNC,"",4,""
"Depopulate",SNC,"",2,""
"Elspeth Resplendent",SNC,"",3,""
"Extraction Specialist",SNC,"",4,""
"Gathering Throng",SNC,"",4,""
"Giada, Font of Hope",SNC,"",2,""
"Halo Fountain",SNC,"",1,""
"Hold for Ransom",SNC,"",4,""
"Illuminator Virtuoso",SNC,"",4,""
"Inspiring Overseer",SNC,"",4,""
"Kill Shot",SNC,"",4,""
"Knockout Blow",SNC,"",4,""
"Mage's Attendant",SNC,"",2,""
"Mysterious Limousine",SNC,"",4,""
"Patch Up",SNC,"",1,""
"Rabble Rousing",SNC,"",4,""
"Raffine's Guidance",SNC,"",4,""
"Raffine's Informant",SNC,"",4,""
"Refuse to Yield",SNC,"",4,""
"Revelation of Power",SNC,"",4,""
"Rumor Gatherer",SNC,"",4,""
"Sanctuary Warden",SNC,"",2,""
"Sky Crier",SNC,"",4,""
"Speakeasy Server",SNC,"",4,""
"Swooping Protector",SNC,"",4,""
"Backstreet Bruiser",SNC,"",4,""
"Brokers Veteran",SNC,"",4,""
"Case the Joint",SNC,"",4,""
"Cut Your Losses",SNC,"",1,""
"Disdainful Stroke",SNC,"",4,""
"Echo Inspector",SNC,"",4,""
"Even the Score",SNC,"",2,""
"Expendable Lackey",SNC,"",4,""
"Faerie Vandal",SNC,"",4,""
"Hypnotic Grifter",SNC,"",3,""
"Ledger Shredder",SNC,"",2,""
"A Little Chat",SNC,"",3,""
"Majestic Metamorphosis",SNC,"",4,""
"Make Disappear",SNC,"",4,""
"Obscura Initiate",SNC,"",4,""
"An Offer You Can't Refuse",SNC,"",4,""
"Out of the Way",SNC,"",4,""
"Psionic Snoop",SNC,"",4,""
"Psychic Pickpocket",SNC,"",4,""
"Public Enemy",SNC,"",4,""
"Reservoir Kraken",SNC,"",2,""
"Rooftop Nuisance",SNC,"",4,""
"Run Out of Town",SNC,"",4,""
"Security Bypass",SNC,"",4,""
"Sewer Crocodile",SNC,"",4,""
"Sleep with the Fishes",SNC,"",4,""
"Slip Out the Back",SNC,"",4,""
"Undercover Operative",SNC,"",2,""
"Wingshield Agent",SNC,"",4,""
"Wiretapping",SNC,"",2,""
"Witness Protection",SNC,"",4,""
"Angel of Suffering",SNC,"",3,""
"Body Launderer",SNC,"",3,""
"Cemetery Tampering",SNC,"",1,""
"Corrupt Court Official",SNC,"",4,""
"Crooked Custodian",SNC,"",4,""
"Cut of the Profits",SNC,"",2,""
"Cutthroat Contender",SNC,"",4,""
"Deal Gone Bad",SNC,"",4,""
"Demon's Due",SNC,"",4,""
"Dig Up the Body",SNC,"",4,""
"Dusk Mangler",SNC,"",3,""
"Extract the Truth",SNC,"",4,""
"Fake Your Own Death",SNC,"",4,""
"Girder Goons",SNC,"",4,""
"Graveyard Shift",SNC,"",4,""
"Grisly Sigil",SNC,"",4,""
"Illicit Shipment",SNC,"",3,""
"Incriminate",SNC,"",4,""
"Join the Maestros",SNC,"",4,""
"Maestros Initiate",SNC,"",4,""
"Midnight Assassin",SNC,"",4,""
"Murder",SNC,"",4,""
"Night Clubber",SNC,"",4,""
"Raffine's Silencer",SNC,"",4,""
"Revel Ruiner",SNC,"",4,""
"Rogues' Gallery",SNC,"",4,""
"Sanguine Spy",SNC,"",3,""
"Shakedown Heavy",SNC,"",2,""
"Tavern Swindler",SNC,"",4,""
"Tenacious Underdog",SNC,"",3,""
"Vampire Scrivener",SNC,"",3,""
"Whack",SNC,"",4,""
"Antagonize",SNC,"",4,""
"Arcane Bombardment",SNC,"",4,""
"Big Score",SNC,"",4,""
"Call In a Professional",SNC,"",4,""
"Daring Escape",SNC,"",4,""
"Devilish Valet",SNC,"",3,""
"Exhibition Magician",SNC,"",4,""
"Glittering Stockpile",SNC,"",4,""
"Goldhound",SNC,"",4,""
"Hoard Hauler",SNC,"",3,""
"Involuntary Employment",SNC,"",3,""
"Jackhammer",SNC,"",4,""
"Jaxis, the Troublemaker",SNC,"",1,""
"Light 'Em Up",SNC,"",4,""
"Mayhem Patrol",SNC,"",4,""
"Plasma Jockey",SNC,"",4,""
"Professional Face-Breaker",SNC,"",3,""
"Pugnacious Pugilist",SNC,"",4,""
"Pyre-Sledge Arsonist",SNC,"",3,""
"Ready to Rumble",SNC,"",4,""
"Riveteers Initiate",SNC,"",4,""
"Riveteers Requisitioner",SNC,"",4,""
"Rob the Archives",SNC,"",4,""
"Sizzling Soloist",SNC,"",4,""
"Sticky Fingers",SNC,"",4,""
"Strangle",SNC,"",4,""
"Structural Assault",SNC,"",2,""
"Torch Breath",SNC,"",2,""
"Unlucky Witness",SNC,"",4,""
"Urabrask, Heretic Praetor",SNC,"",2,""
"Widespread Thieving",SNC,"",1,""
"Witty Roastmaster",SNC,"",4,""
"Wrecking Crew",SNC,"",4,""
"Attended Socialite",SNC,"",4,""
"Bootleggers' Stash",SNC,"",1,""
"Bouncer's Beatdown",SNC,"",4,""
"Broken Wings",SNC,"",4,""
"Cabaretti Initiate",SNC,"",4,""
"Caldaia Strongarm",SNC,"",4,""
"Capenna Express",SNC,"",4,""
"Civic Gardener",SNC,"",4,""
"Cleanup Crew",SNC,"",4,""
"Courier's Briefcase",SNC,"",4,""
"Elegant Entourage",SNC,"",2,""
"Evolving Door",SNC,"",3,""
"Fight Rigging",SNC,"",3,""
"For the Family",SNC,"",4,""
"Freelance Muscle",SNC,"",4,""
"Gala Greeters",SNC,"",4,""
"Glittermonger",SNC,"",4,""
"High-Rise Sawjack",SNC,"",4,""
"Jewel Thief",SNC,"",4,""
"Luxurious Libation",SNC,"",4,""
"Most Wanted",SNC,"",4,""
"Prizefight",SNC,"",4,""
"Rhox Pummeler",SNC,"",4,""
"Riveteers Decoy",SNC,"",1,""
"Social Climber",SNC,"",4,""
"Take to the Streets",SNC,"",3,""
"Titan of Industry",SNC,"",4,""
"Topiary Stomper",SNC,"",4,""
"Venom Connoisseur",SNC,"",4,""
"Vivien on the Hunt",SNC,"",2,""
"Voice of the Vermin",SNC,"",4,""
"Warm Welcome",SNC,"",4,""
"Workshop Warchief",SNC,"",2,""
"Aven Heartstabber",SNC,"",1,""
"Black Market Tycoon",SNC,"",4,""
"Body Dropper",SNC,"",4,""
"Brazen Upstart",SNC,"",4,""
"Brokers Ascendancy",SNC,"",2,""
"Brokers Charm",SNC,"",3,""
"Cabaretti Ascendancy",SNC,"",3,""
"Cabaretti Charm",SNC,"",4,""
"Celestial Regulator",SNC,"",4,""
"Ceremonial Groundbreaker",SNC,"",2,""
"Civil Servant",SNC,"",4,""
"Cormela, Glamour Thief",SNC,"",4,""
"Corpse Appraiser",SNC,"",4,""
"Crew Captain",SNC,"",2,""
"Darling of the Masses",SNC,"",3,""
"Disciplined Duelist",SNC,"",4,""
"Endless Detour",SNC,"",1,""
"Evelyn, the Covetous",SNC,"",2,""
"Exotic Pets",SNC,"",4,""
"Falco Spara, Pactweaver",SNC,"",1,""
"Fatal Grudge",SNC,"",3,""
"Fleetfoot Dancer",SNC,"",4,""
"Forge Boss",SNC,"",4,""
"Glamorous Outlaw",SNC,"",4,""
"Incandescent Aria",SNC,"",2,""
"Jetmir, Nexus of Revels",SNC,"",3,""
"Jetmir's Fixer",SNC,"",4,""
"Jinnie Fay, Jetmir's Second",SNC,"",2,""
"Lagrella, the Magpie",SNC,"",4,""
"Lord Xander, the Collector",SNC,"",3,""
"Maestros Ascendancy",SNC,"",2,""
"Maestros Charm",SNC,"",4,""
"Maestros Diabolist",SNC,"",3,""
"Masked Bandits",SNC,"",4,""
"Metropolis Angel",SNC,"",4,""
"Mr. Orfeo, the Boulder",SNC,"",4,""
"Nimble Larcenist",SNC,"",3,""
"Ob Nixilis, the Adversary",SNC,"",3,""
"Obscura Ascendancy",SNC,"",3,""
"Obscura Charm",SNC,"",4,""
"Obscura Interceptor",SNC,"",2,""
"Ognis, the Dragon's Lash",SNC,"",3,""
"Park Heights Pegasus",SNC,"",1,""
"Queza, Augur of Agonies",SNC,"",4,""
"Rakish Revelers",SNC,"",4,""
"Rigo, Streetwise Mentor",SNC,"",2,""
"Riveteers Ascendancy",SNC,"",2,""
"Riveteers Charm",SNC,"",3,""
"Rocco, Cabaretti Caterer",SNC,"",2,""
"Scheming Fence",SNC,"",1,""
"Security Rhox",SNC,"",4,""
"Shattered Seraph",SNC,"",4,""
"Snooping Newsie",SNC,"",4,""
"Spara's Adjudicators",SNC,"",4,""
"Stimulus Package",SNC,"",4,""
"Syndicate Infiltrator",SNC,"",4,""
"Tainted Indulgence",SNC,"",4,""
"Toluz, Clever Conductor",SNC,"",4,""
"Unleash the Inferno",SNC,"",2,""
"Void Rend",SNC,"",1,""
"Ziatora's Envoy",SNC,"",1,""
"Arc Spitter",SNC,"",4,""
"Brass Knuckles",SNC,"",4,""
"Cement Shoes",SNC,"",4,""
"Chrome Cat",SNC,"",4,""
"Getaway Car",SNC,"",4,""
"Gilded Pinions",SNC,"",4,""
"Halo Scarab",SNC,"",4,""
"Luxior, Giada's Gift",SNC,"",3,""
"Ominous Parcel",SNC,"",4,""
"Paragon of Modernity",SNC,"",4,""
"Quick-Draw Dagger",SNC,"",4,""
"Scuttling Butler",SNC,"",4,""
"Suspicious Bookcase",SNC,"",4,""
"Botanical Plaza",SNC,"",4,""
"Brokers Hideout",SNC,"",4,""
"Cabaretti Courtyard",SNC,"",4,""
"Jetmir's Garden",SNC,"",2,""
"Maestros Theater",SNC,"",4,""
"Obscura Storefront",SNC,"",4,""
"Racers' Ring",SNC,"",4,""
"Raffine's Tower",SNC,"",4,""
"Riveteers Overlook",SNC,"",4,""
"Skybridge Towers",SNC,"",4,""
"Spara's Headquarters",SNC,"",4,""
"Tramway Station",SNC,"",4,""
"Waterfront District",SNC,"",4,""
"Xander's Lounge",SNC,"",4,""
"Ziatora's Proving Ground",SNC,"",3,""
"Plains",SNC,"",1,""
"Plains",SNC,"",1,""
"Island",SNC,"",1,""
"Island",SNC,"",1,""
"Swamp",SNC,"",1,""
"Swamp",SNC,"",1,""
"Mountain",SNC,"",1,""
"Mountain",SNC,"",1,""
"Forest",SNC,"",1,""
"Forest",SNC,"",1,""
"Celestial Vault",Y22-SNC,"",1,""
"Skyline Savior",Y22-SNC,"",1,""
"Nightclub Bouncer",Y22-SNC,"",1,""
"Big Spender",Y22-SNC,"",1,""
"Traumatic Prank",Y22-SNC,"",1,""
"Bind to Secrecy",Y22-SNC,"",1,""
"Obscura Polymorphist",Y22-SNC,"",1,""
"Boareskyr Tollkeeper",HBG,"",1,""
"Flaming Fist Duskguard",HBG,"",3,""
"Mace of Disruption",HBG,"",2,""
"Ranger Squadron",HBG,"",3,""
"Soldiers of the Watch",HBG,"",4,""
"Sune's Intervention",HBG,"",2,""
"Sworn to the Legion",HBG,"",1,""
"Valiant Farewell",HBG,"",4,""
"Calim, Djinn Emperor",HBG,"",1,""
"Hypnotic Pattern",HBG,"",2,""
"Lizardfolk Librarians",HBG,"",2,""
"Signature Spells",HBG,"",1,""
"Snowborn Simulacra",HBG,"",2,""
"Thayan Evokers",HBG,"",2,""
"Undersimplify",HBG,"",1,""
"Water Weird",HBG,"",2,""
"Wizened Githzerai",HBG,"",4,""
"Hook Horror",HBG,"",2,""
"Mind Spike",HBG,"",1,""
"Sewer Plague",HBG,"",2,""
"The Hourglass Coven",HBG,"",1,""
"Dragonborn Immolator",HBG,"",3,""
"Genasi Rabble-Rouser",HBG,"",4,""
"Giant Fire Beetles",HBG,"",1,""
"Gnoll Hunting Party",HBG,"",1,""
"Goblin Trapfinder",HBG,"",1,""
"Incessant Provocation",HBG,"",2,""
"Kardum, Patron of Flames",HBG,"",1,""
"Kobold Warcaller",HBG,"",4,""
"Mephit's Enthusiasm",HBG,"",1,""
"Tiefling Outcasts",HBG,"",1,""
"Unexpected Allies",HBG,"",2,""
"Warriors of Tiamat",HBG,"",1,""
"Arcane Archery",HBG,"",1,""
"Follow the Tracks",HBG,"",4,""
"You Line Up the Shot",HBG,"",1,""
"Jon Irenicus, the Exile",HBG,"",3,""
"Liara of the Flaming Fist",HBG,"",1,""
"Ulder Ravengard, Marshal",HBG,"",2,""
"Gate of the Black Dragon",HBG,"",1,""
"Gate to Seatower",HBG,"",2,""
"Lulu, Forgetful Hollyphant",HBG,"",1,""
"Rasaad, Monk of Selne",HBG,"",2,""
"Alora, Rogue Companion",HBG,"",1,""
"Gale, Conduit of the Arcane",HBG,"",1,""
"Imoen, Trickster Friend",HBG,"",1,""
"Vhal, Eager Scholar",HBG,"",1,""
"Sarevok the Usurper",HBG,"",1,""
"Shadowheart, Sharran Cleric",HBG,"",3,""
"Viconia, Nightsinger's Disciple",HBG,"",2,""
"Ambergris, Citadel Agent",HBG,"",3,""
"Jaheira, Harper Emissary",HBG,"",1,""
"Skanos, Dragon Vassal",HBG,"",3,""
"Wilson, Bear Comrade",HBG,"",1,""
"Ancient Gold Dragon",HBG,"",2,""
"Ascend from Avernus",HBG,"",1,""
"Blessed Hippogriff",HBG,"",1,""
"Celestial Unicorn",HBG,"",4,""
"Dawnbringer Cleric",HBG,"",4,""
"Devoted Paladin",HBG,"",1,""
"Flaming Fist Officer",HBG,"",4,""
"Guardian Naga",HBG,"",1,""
"Guiding Bolt",HBG,"",1,""
"Horn of Valhalla",HBG,"",1,""
"Icewind Stalwart",HBG,"",2,""
"Minimus Containment",HBG,"",1,""
"Monk of the Open Hand",HBG,"",1,""
"Pegasus Guardian",HBG,"",3,""
"Portable Hole",HBG,"",2,""
"Priest of Ancient Lore",HBG,"",2,""
"Rally Maneuver",HBG,"",2,""
"Rescuer Chwinga",HBG,"",2,""
"Scouting Hawk",HBG,"",2,""
"Steadfast Paladin",HBG,"",3,""
"Steadfast Unicorn",HBG,"",3,""
"You Hear Something on Watch",HBG,"",4,""
"You're Ambushed on the Road",HBG,"",1,""
"You're Confronted by Robbers",HBG,"",1,""
"Air-Cult Elemental",HBG,"",3,""
"Ancient Silver Dragon",HBG,"",2,""
"Blur",HBG,"",3,""
"Charmed Sleep",HBG,"",1,""
"Clever Conjurer",HBG,"",2,""
"Contact Other Plane",HBG,"",2,""
"Draconic Lore",HBG,"",1,""
"Dragonborn Looter",HBG,"",4,""
"Irenicus's Vile Duplication",HBG,"",1,""
"Kenku Artificer",HBG,"",2,""
"Kindred Discovery",HBG,"",2,""
"Lapis Orb of Dragonkind",HBG,"",1,""
"Pseudodragon Familiar",HBG,"",1,""
"Rimeshield Frost Giant",HBG,"",3,""
"Robe of the Archmagi",HBG,"",2,""
"Shocking Grasp",HBG,"",1,""
"Soulknife Spy",HBG,"",1,""
"Sword Coast Serpent",HBG,"",2,""
"Tymora's Invoker",HBG,"",4,""
"You Find the Villains' Lair",HBG,"",4,""
"Ancient Brass Dragon",HBG,"",1,""
"Armor of Shadows",HBG,"",3,""
"Baleful Beholder",HBG,"",1,""
"Black Dragon",HBG,"",2,""
"Black Market Connections",HBG,"",2,""
"Bonecaller Cleric",HBG,"",2,""
"Cast Down",HBG,"",2,""
"Chain Devil",HBG,"",4,""
"Deadly Dispute",HBG,"",4,""
"Demogorgon's Clutches",HBG,"",4,""
"Drider",HBG,"",1,""
"Eldritch Pact",HBG,"",1,""
"Eyes of the Beholder",HBG,"",4,""
"Ghost Lantern",HBG,"",2,""
"Gray Slaad",HBG,"",3,""
"Grim Bounty",HBG,"",1,""
"Guildsworn Prowler",HBG,"",4,""
"Hoard Robber",HBG,"",4,""
"Manticore",HBG,"",4,""
"Nefarious Imp",HBG,"",2,""
"Pact Weapon",HBG,"",2,""
"Sepulcher Ghoul",HBG,"",2,""
"Shambling Ghast",HBG,"",3,""
"Sigil of Myrkul",HBG,"",2,""
"Summon Undead",HBG,"",1,""
"Thieves' Tools",HBG,"",2,""
"Vampire Spawn",HBG,"",3,""
"Wand of Orcus",HBG,"",1,""
"Ancient Copper Dragon",HBG,"",1,""
"Battle Cry Goblin",HBG,"",1,""
"Carnelian Orb of Dragonkind",HBG,"",4,""
"Dragon's Fire",HBG,"",2,""
"Dueling Rapier",HBG,"",3,""
"Earth-Cult Elemental",HBG,"",2,""
"Farideh's Fireball",HBG,"",4,""
"Fiendlash",HBG,"",1,""
"Hobgoblin Captain",HBG,"",2,""
"Improvised Weaponry",HBG,"",2,""
"Jaded Sell-Sword",HBG,"",2,""
"Nalfeshnee",HBG,"",1,""
"Reckless Barbarian",HBG,"",3,""
"Red Dragon",HBG,"",1,""
"Storm King's Thunder",HBG,"",2,""
"Swashbuckler Extraordinaire",HBG,"",1,""
"Two-Handed Axe",HBG,"",2,""
"Unexpected Windfall",HBG,"",2,""
"Valor Singer",HBG,"",4,""
"You Come to the Gnoll Camp",HBG,"",2,""
"You Find Some Prisoners",HBG,"",3,""
"Young Red Dragon",HBG,"",3,""
"Ambitious Dragonborn",HBG,"",2,""
"Band Together",HBG,"",2,""
"Belt of Giant Strength",HBG,"",1,""
"Choose Your Weapon",HBG,"",3,""
"Circle of the Land Druid",HBG,"",3,""
"Circle of the Moon Druid",HBG,"",1,""
"Draconic Muralists",HBG,"",1,""
"Dread Linnorm",HBG,"",2,""
"Druidic Ritual",HBG,"",1,""
"Earthquake Dragon",HBG,"",1,""
"Ettercap",HBG,"",4,""
"Gnoll Hunter",HBG,"",3,""
"Inspiring Bard",HBG,"",2,""
"Jade Orb of Dragonkind",HBG,"",1,""
"Lurking Roper",HBG,"",1,""
"Owlbear",HBG,"",4,""
"Owlbear Shepherd",HBG,"",2,""
"Poison the Blade",HBG,"",2,""
"Scaled Nurturer",HBG,"",1,""
"Split the Spoils",HBG,"",1,""
"Sylvan Shepherd",HBG,"",3,""
"Traverse the Outlands",HBG,"",1,""
"Undercellar Myconid",HBG,"",4,""
"Underdark Basilisk",HBG,"",3,""
"You Meet in a Tavern",HBG,"",1,""
"Astarion, the Decadent",HBG,"",2,""
"Baba Lysaga, Night Witch",HBG,"",1,""
"Kagha, Shadow Archdruid",HBG,"",3,""
"Korlessa, Scale Singer",HBG,"",1,""
"Krydle of Baldur's Gate",HBG,"",3,""
"Lozhan, Dragons' Legacy",HBG,"",1,""
"Mazzy, Truesword Paladin",HBG,"",2,""
"Minsc & Boo, Timeless Heroes",HBG,"",1,""
"Nalia de'Arnise",HBG,"",2,""
"Oji, the Exquisite Blade",HBG,"",2,""
"Thrakkus the Butcher",HBG,"",2,""
"Bag of Holding",HBG,"",4,""
"Bronze Walrus",HBG,"",4,""
"Cloak of the Bat",HBG,"",4,""
"Fraying Line",HBG,"",2,""
"Iron Golem",HBG,"",3,""
"Lantern of Revealing",HBG,"",4,""
"Meteor Golem",HBG,"",3,""
"Mirror of Life Trapping",HBG,"",1,""
"Pilgrim's Eye",HBG,"",3,""
"Prophetic Prism",HBG,"",2,""
"Spiked Pit Trap",HBG,"",4,""
"A-Sepulcher Ghoul",HBG,"",2,""
"A-Earthquake Dragon",HBG,"",1,""
"A-Baba Lysaga, Night Witch",HBG,"",1,""
"A-Minsc & Boo, Timeless Heroes",HBG,"",1,""
"Plains",HBG,"",1,""
"Plains",HBG,"",1,""
"Plains",HBG,"",1,""
"Plains",HBG,"",1,""
"Island",HBG,"",1,""
"Island",HBG,"",1,""
"Island",HBG,"",1,""
"Island",HBG,"",1,""
"Swamp",HBG,"",1,""
"Swamp",HBG,"",1,""
"Swamp",HBG,"",1,""
"Swamp",HBG,"",1,""
"Mountain",HBG,"",1,""
"Mountain",HBG,"",1,""
"Mountain",HBG,"",1,""
"Mountain",HBG,"",1,""
"Forest",HBG,"",1,""
"Forest",HBG,"",1,""
"Forest",HBG,"",1,""
"Forest",HBG,"",1,""
"A-Hagra Constrictor",ZNR,"",1,""
"A-Skyclave Shadowcat",ZNR,"",4,""
"A-Rockslide Sorcerer",ZNR,"",2,""
"A-Gnarlid Colony",ZNR,"",4,""
"A-Oran-Rief Ooze",ZNR,"",2,""
"A-Moss-Pit Skeleton",ZNR,"",4,""
"A-Umara Mystic",ZNR,"",4,""
"A-Fall of the Impostor",KHM,"",2,""
"A-Dueling Coach",STX,"",1,""
"A-Mentor's Guidance",STX,"",2,""
"A-Tenured Inkcaster",STX,"",4,""
"A-Ardent Dustspeaker",STX,"",1,""
"A-Maelstrom Muse",STX,"",4,""
"A-Ochre Jelly",AFR,"",2,""
"A-The Meathook Massacre",MID,"",4,""
"A-Sigardian Paladin",VOW,"",2,""
"A-Baleful Beholder",AFR,"",2,""
"A-Eyes of the Beholder",AFR,"",1,""
"A-Blessed Hippogriff",HBG,"",1,""
"A-Steadfast Unicorn",HBG,"",3,""
"A-Dragonborn Looter",HBG,"",4,""
"A-Lapis Orb of Dragonkind",HBG,"",1,""
"A-Baleful Beholder",HBG,"",1,""
"A-Eyes of the Beholder",HBG,"",4,""
"A-Manticore",HBG,"",4,""
"A-Kenku Artificer",HBG,"",2,""
"A-Pseudodragon Familiar",HBG,"",1,""
"A-Guildsworn Prowler",HBG,"",4,""
"A-Sigil of Myrkul",HBG,"",2,""
"A-Carnelian Orb of Dragonkind",HBG,"",4,""
"A-Young Red Dragon",HBG,"",3,""
"A-Circle of the Land Druid",HBG,"",3,""
"A-Druidic Ritual",HBG,"",1,""
"A-Jade Orb of Dragonkind",HBG,"",1,""
"A-Split the Spoils",HBG,"",1,""
"A-Lantern of Revealing",HBG,"",4,""
"Karn, Living Legacy",DMU,"",4,""
"Anointed Peacekeeper",DMU,"",4,""
"Archangel of Wrath",DMU,"",4,""
"Argivian Cavalier",DMU,"",4,""
"Argivian Phalanx",DMU,"",4,""
"Artillery Blast",DMU,"",4,""
"Benalish Faithbonder",DMU,"",4,""
"Citizen's Arrest",DMU,"",4,""
"Cleaving Skyrider",DMU,"",4,""
"Coalition Skyknight",DMU,"",4,""
"Danitha, Benalia's Hope",DMU,"",4,""
"Defiler of Faith",DMU,"",4,""
"Griffin Protector",DMU,"",4,""
"Guardian of New Benalia",DMU,"",4,""
"Heroic Charge",DMU,"",4,""
"Juniper Order Rootweaver",DMU,"",4,""
"Knight of Dawn's Light",DMU,"",4,""
"Leyline Binding",DMU,"",4,""
"Love Song of Night and Day",DMU,"",4,""
"Mesa Cavalier",DMU,"",4,""
"Phyrexian Missionary",DMU,"",4,""
"Prayer of Binding",DMU,"",4,""
"Runic Shot",DMU,"",4,""
"Samite Herbalist",DMU,"",4,""
"Serra Paragon",DMU,"",4,""
"Shalai's Acolyte",DMU,"",4,""
"Stall for Time",DMU,"",4,""
"Take Up the Shield",DMU,"",4,""
"Temporary Lockdown",DMU,"",4,""
"Urza Assembles the Titans",DMU,"",4,""
"Valiant Veteran",DMU,"",4,""
"Wingmantle Chaplain",DMU,"",4,""
"Academy Wall",DMU,"",4,""
"Aether Channeler",DMU,"",4,""
"Battlewing Mystic",DMU,"",4,""
"Combat Research",DMU,"",4,""
"Defiler of Dreams",DMU,"",4,""
"Djinn of the Fountain",DMU,"",4,""
"Founding the Third Path",DMU,"",4,""
"Frostfist Strider",DMU,"",4,""
"Haunting Figment",DMU,"",4,""
"Impede Momentum",DMU,"",4,""
"Joint Exploration",DMU,"",4,""
"The Phasing of Zhalfir",DMU,"",4,""
"Pixie Illusionist",DMU,"",4,""
"Protect the Negotiators",DMU,"",4,""
"Rona's Vortex",DMU,"",4,""
"Shore Up",DMU,"",4,""
"Soaring Drake",DMU,"",4,""
"Sphinx of Clear Skies",DMU,"",4,""
"Talas Lookout",DMU,"",4,""
"Tidepool Turtle",DMU,"",4,""
"Timely Interference",DMU,"",4,""
"Tolarian Terror",DMU,"",4,""
"Voda Sea Scavenger",DMU,"",4,""
"Vodalian Mindsinger",DMU,"",4,""
"Balduvian Atrocity",DMU,"",4,""
"Battle-Rage Blessing",DMU,"",4,""
"Battlefly Swarm",DMU,"",4,""
"Bone Splinters",DMU,"",4,""
"Braids, Arisen Nightmare",DMU,"",4,""
"Braids's Frightful Return",DMU,"",4,""
"Choking Miasma",DMU,"",4,""
"The Cruelty of Gix",DMU,"",4,""
"Cult Conscript",DMU,"",4,""
"Defiler of Flesh",DMU,"",4,""
"Eerie Soultender",DMU,"",4,""
"Evolved Sleeper",DMU,"",4,""
"Extinguish the Light",DMU,"",4,""
"Gibbering Barricade",DMU,"",4,""
"Knight of Dusk's Shadow",DMU,"",4,""
"Liliana of the Veil",DMU,"",4,""
"Monstrous War-Leech",DMU,"",4,""
"Phyrexian Rager",DMU,"",4,""
"Phyrexian Vivisector",DMU,"",4,""
"Phyrexian Warhorse",DMU,"",4,""
"Pilfer",DMU,"",4,""
"The Raven Man",DMU,"",4,""
"Sengir Connoisseur",DMU,"",4,""
"Shadow Prophecy",DMU,"",4,""
"Shadow-Rite Priest",DMU,"",4,""
"Sheoldred, the Apocalypse",DMU,"",4,""
"Sheoldred's Restoration",DMU,"",4,""
"Splatter Goblin",DMU,"",4,""
"Stronghold Arena",DMU,"",4,""
"Tattered Apparition",DMU,"",4,""
"Toxic Abomination",DMU,"",4,""
"Tribute to Urborg",DMU,"",4,""
"Urborg Repossession",DMU,"",4,""
"Balduvian Berserker",DMU,"",4,""
"Chaotic Transformation",DMU,"",4,""
"Coalition Warbrute",DMU,"",4,""
"Defiler of Instinct",DMU,"",4,""
"Dragon Whelp",DMU,"",4,""
"The Elder Dragon War",DMU,"",4,""
"Fires of Victory",DMU,"",4,""
"Flowstone Infusion",DMU,"",4,""
"Flowstone Kavu",DMU,"",4,""
"Furious Bellow",DMU,"",4,""
"Ghitu Amplifier",DMU,"",4,""
"Goblin Picker",DMU,"",4,""
"Hammerhand",DMU,"",4,""
"Hurloon Battle Hymn",DMU,"",4,""
"In Thrall to the Pit",DMU,"",4,""
"Jaya, Fiery Negotiator",DMU,"",4,""
"Keldon Flamesage",DMU,"",4,""
"Keldon Strike Team",DMU,"",4,""
"Molten Monstrosity",DMU,"",4,""
"Phoenix Chick",DMU,"",4,""
"Radha's Firebrand",DMU,"",4,""
"Rundvelt Hordemaster",DMU,"",4,""
"Smash to Dust",DMU,"",4,""
"Sprouting Goblin",DMU,"",4,""
"Squee, Dubious Monarch",DMU,"",4,""
"Temporal Firestorm",DMU,"",4,""
"Thrill of Possibility",DMU,"",4,""
"Twinferno",DMU,"",4,""
"Viashino Branchrider",DMU,"",4,""
"Warhost's Frenzy",DMU,"",4,""
"Yavimaya Steelcrusher",DMU,"",4,""
"Yotia Declares War",DMU,"",4,""
"Barkweave Crusher",DMU,"",4,""
"Bite Down",DMU,"",4,""
"Bog Badger",DMU,"",4,""
"Broken Wings",DMU,"",4,""
"Colossal Growth",DMU,"",4,""
"Deathbloom Gardener",DMU,"",4,""
"Defiler of Vigor",DMU,"",4,""
"Elfhame Wurm",DMU,"",4,""
"Elvish Hydromancer",DMU,"",4,""
"Floriferous Vinewall",DMU,"",4,""
"Herd Migration",DMU,"",4,""
"Hexbane Tortoise",DMU,"",4,""
"Leaf-Crowned Visionary",DMU,"",4,""
"Linebreaker Baloth",DMU,"",4,""
"Llanowar Greenwidow",DMU,"",4,""
"Llanowar Loamspeaker",DMU,"",4,""
"Mossbeard Ancient",DMU,"",4,""
"Nishoba Brawler",DMU,"",4,""
"Quirion Beastcaller",DMU,"",4,""
"Scout the Wilderness",DMU,"",4,""
"Silverback Elder",DMU,"",4,""
"Slimefoot's Survey",DMU,"",4,""
"Snarespinner",DMU,"",4,""
"Strength of the Coalition",DMU,"",4,""
"Tail Swipe",DMU,"",4,""
"Tear Asunder",DMU,"",4,""
"Territorial Maro",DMU,"",4,""
"Threats Undetected",DMU,"",4,""
"Urborg Lhurgoyf",DMU,"",4,""
"Vineshaper Prodigy",DMU,"",4,""
"The Weatherseed Treaty",DMU,"",4,""
"The World Spell",DMU,"",4,""
"Yavimaya Iconoclast",DMU,"",4,""
"Yavimaya Sojourner",DMU,"",4,""
"Ajani, Sleeper Agent",DMU,"",4,""
"Aron, Benalia's Ruin",DMU,"",4,""
"Astor, Bearer of Blades",DMU,"",4,""
"Balmor, Battlemage Captain",DMU,"",4,""
"Bortuk Bonerattle",DMU,"",4,""
"Elas il-Kor, Sadistic Pilgrim",DMU,"",4,""
"Ertai Resurrected",DMU,"",4,""
"Ivy, Gleeful Spellthief",DMU,"",4,""
"Jhoira, Ageless Innovator",DMU,"",4,""
"Jodah, the Unifier",DMU,"",4,""
"King Darien XLVIII",DMU,"",4,""
"Lagomos, Hand of Hatred",DMU,"",4,""
"Meria, Scholar of Antiquity",DMU,"",4,""
"Nael, Avizoa Aeronaut",DMU,"",4,""
"Najal, the Storm Runner",DMU,"",4,""
"Nemata, Primeval Warden",DMU,"",4,""
"Queen Allenal of Ruadach",DMU,"",4,""
"Ratadrabik of Urborg",DMU,"",4,""
"Rith, Liberated Primeval",DMU,"",4,""
"Rivaz of the Claw",DMU,"",4,""
"Rona, Sheoldred's Faithful",DMU,"",4,""
"Rulik Mons, Warren Chief",DMU,"",4,""
"Sol'Kanar the Tainted",DMU,"",4,""
"Soul of Windgrace",DMU,"",4,""
"Stenn, Paranoid Partisan",DMU,"",4,""
"Tatyova, Steward of Tides",DMU,"",4,""
"Tori D'Avenant, Fury Rider",DMU,"",4,""
"Tura Kennerd, Skyknight",DMU,"",4,""
"Uurg, Spawn of Turg",DMU,"",4,""
"Vohar, Vodalian Desecrator",DMU,"",4,""
"Zar Ojanen, Scion of Efrava",DMU,"",4,""
"Zur, Eternal Schemer",DMU,"",4,""
"Automatic Librarian",DMU,"",4,""
"Golden Argosy",DMU,"",4,""
"Hero's Heirloom",DMU,"",4,""
"Inscribed Tablet",DMU,"",4,""
"Karn's Sylex",DMU,"",4,""
"Meteorite",DMU,"",4,""
"Relic of Legends",DMU,"",4,""
"Salvaged Manaworker",DMU,"",4,""
"Shield-Wall Sentinel",DMU,"",4,""
"Timeless Lotus",DMU,"",4,""
"Walking Bulwark",DMU,"",4,""
"Weatherlight Compleated",DMU,"",4,""
"Caves of Koilos",DMU,"",4,""
"Contaminated Aquifer",DMU,"",4,""
"Crystal Grotto",DMU,"",4,""
"Geothermal Bog",DMU,"",4,""
"Haunted Mire",DMU,"",4,""
"Idyllic Beachfront",DMU,"",4,""
"Karplusan Forest",DMU,"",4,""
"Molten Tributary",DMU,"",4,""
"Plaza of Heroes",DMU,"",4,""
"Sacred Peaks",DMU,"",4,""
"Shivan Reef",DMU,"",4,""
"Sulfurous Springs",DMU,"",4,""
"Sunlit Marsh",DMU,"",4,""
"Thran Portal",DMU,"",4,""
"Wooded Ridgeline",DMU,"",4,""
"Plains",DMU,"",1,""
"Plains",DMU,"",1,""
"Plains",DMU,"",1,""
"Island",DMU,"",1,""
"Island",DMU,"",1,""
"Island",DMU,"",1,""
"Swamp",DMU,"",1,""
"Swamp",DMU,"",1,""
"Swamp",DMU,"",1,""
"Mountain",DMU,"",1,""
"Mountain",DMU,"",1,""
"Mountain",DMU,"",1,""
"Forest",DMU,"",1,""
"Forest",DMU,"",1,""
"Forest",DMU,"",1,""
"Serra Redeemer",DMU,"",4,""
"Cosmic Epiphany",DMU,"",4,""
"Tyrannical Pitlord",DMU,"",4,""
"Benalish Sleeper",DMU,"",4,""
"Captain's Call",DMU,"",4,""
"Charismatic Vanguard",DMU,"",4,""
"Clockwork Drawbridge",DMU,"",4,""
"Destroy Evil",DMU,"",4,""
"Join Forces",DMU,"",4,""
"Resolute Reinforcements",DMU,"",4,""
"Academy Loremaster",DMU,"",4,""
"Coral Colony",DMU,"",4,""
"Ertai's Scorn",DMU,"",4,""
"Essence Scatter",DMU,"",4,""
"Haughty Djinn",DMU,"",4,""
"Impulse",DMU,"",4,""
"Micromancer",DMU,"",4,""
"Negate",DMU,"",4,""
"Phyrexian Espionage",DMU,"",4,""
"Silver Scrutiny",DMU,"",4,""
"Tolarian Geyser",DMU,"",4,""
"Vesuvan Duplimancy",DMU,"",4,""
"Vodalian Hexcatcher",DMU,"",4,""
"Volshe Tideturner",DMU,"",4,""
"Aggressive Sabotage",DMU,"",4,""
"Blight Pile",DMU,"",4,""
"Cut Down",DMU,"",4,""
"Drag to the Bottom",DMU,"",4,""
"Writhing Necromass",DMU,"",4,""
"Electrostatic Infantry",DMU,"",4,""
"Hurler Cyclops",DMU,"",4,""
"Jaya's Firenado",DMU,"",4,""
"Lightning Strike",DMU,"",4,""
"Meria's Outrider",DMU,"",4,""
"Shivan Devastator",DMU,"",4,""
"Gaea's Might",DMU,"",4,""
"Llanowar Stalker",DMU,"",4,""
"Magnigoth Sentry",DMU,"",4,""
"Sunbathing Rootwalla",DMU,"",4,""
"Baird, Argivian Recruiter",DMU,"",4,""
"Garna, Bloodfist of Keld",DMU,"",4,""
"Radha, Coalition Warlord",DMU,"",4,""
"Raff, Weatherlight Stalwart",DMU,"",4,""
"Shanna, Purifying Blade",DMU,"",4,""
"Jodah's Codex",DMU,"",4,""
"Vanquisher's Axe",DMU,"",4,""
"Adarkar Wastes",DMU,"",4,""
"Radiant Grove",DMU,"",4,""
"Tangled Islet",DMU,"",4,""
"Yavimaya Coast",DMU,"",4,""
"Ragefire Hellkite",DMU,"",4,""
"Briar Hydra",DMU,"",4,""
"A-Buy Your Silence",SNC,"",4,""
"A-Celebrity Fencer",SNC,"",4,""
"A-Speakeasy Server",SNC,"",4,""
"A-Case the Joint",SNC,"",4,""
"A-Psionic Snoop",SNC,"",4,""
"A-Public Enemy",SNC,"",4,""
"A-Sewer Crocodile",SNC,"",4,""
"A-Deal Gone Bad",SNC,"",4,""
"A-Demon's Due",SNC,"",4,""
"A-Graveyard Shift",SNC,"",4,""
"A-Incriminate",SNC,"",4,""
"A-Midnight Assassin",SNC,"",4,""
"A-Revel Ruiner",SNC,"",4,""
"A-Vampire Scrivener",SNC,"",3,""
"A-Exhibition Magician",SNC,"",4,""
"A-Jackhammer",SNC,"",4,""
"A-Pyre-Sledge Arsonist",SNC,"",3,""
"A-Ready to Rumble",SNC,"",4,""
"A-Riveteers Initiate",SNC,"",4,""
"A-Sizzling Soloist",SNC,"",4,""
"A-Capenna Express",SNC,"",4,""
"A-Glittermonger",SNC,"",4,""
"A-High-Rise Sawjack",SNC,"",4,""
"A-Most Wanted",SNC,"",4,""
"A-Social Climber",SNC,"",4,""
"A-Warm Welcome",SNC,"",4,""
"A-Cabaretti Charm",SNC,"",4,""
"A-Celestial Regulator",SNC,"",4,""
"A-Civil Servant",SNC,"",4,""
"A-Forge Boss",SNC,"",4,""
"A-Glamorous Outlaw",SNC,"",4,""
"A-Masked Bandits",SNC,"",4,""
"A-Metropolis Angel",SNC,"",4,""
"A-Mr. Orfeo, the Boulder",SNC,"",4,""
"A-Queza, Augur of Agonies",SNC,"",4,""
"A-Rakish Revelers",SNC,"",4,""
"A-Security Rhox",SNC,"",4,""
"A-Shattered Seraph",SNC,"",4,""
"A-Spara's Adjudicators",SNC,"",4,""
"A-Stimulus Package",SNC,"",4,""
"A-Syndicate Infiltrator",SNC,"",4,""
"A-Ominous Parcel",SNC,"",4,""
"A-Paragon of Modernity",SNC,"",4,""
"Pull of the Mist Moon",Y23-DMU,"",1,""
"Darigaaz's Whelp",Y23-DMU,"",1,""
"Diminished Returner",Y23-DMU,"",1,""
"Goblin Influx Array",Y23-DMU,"",1,""
"Goblin Morale Sergeant",Y23-DMU,"",2,""
"Arvad, Weatherlight Smuggler",Y23-DMU,"",1,""
